county,date,log_popdens,log_case_rate,prev_rt,rt_trend,order_closure,del_order_closure,del_rt
Orange,2020-05-02,3.581,-3.45614,1.06950,-0.00940,8,2,-0.0265
Orange,2020-05-09,3.581,-3.34499,1.07760,0.00810,7,-1,0.0014
Orange,2020-05-16,3.581,-3.28933,1.06920,-0.00840,7,0,0.0384
Orange,2020-05-23,3.581,-3.25311,1.04910,-0.02010,4,-3,0.0880
Orange,2020-05-30,3.581,-3.22150,1.04530,-0.00380,3,-1,0.1253
Orange,2020-06-06,3.581,-3.15003,1.05160,0.00630,3,0,0.0784
Orange,2020-06-13,3.581,-3.14424,1.08890,0.03730,0,-3,-0.0642
Orange,2020-06-20,3.581,-3.08464,1.15130,0.06240,0,0,-0.1849
Orange,2020-06-27,3.581,-2.87390,1.21140,0.06010,0,0,-0.1963
Orange,2020-07-04,3.581,-2.55310,1.21950,0.00810,3,3,-0.1211
Orange,2020-07-11,3.581,-2.45642,1.13580,-0.08370,4,1,-0.0369
Orange,2020-07-18,3.581,-2.49085,1.02410,-0.11170,7,3,0.0081
Orange,2020-07-25,3.581,-2.48792,0.94360,-0.08050,7,0,0.0026
Orange,2020-08-01,3.581,-2.60579,0.90660,-0.03700,7,0,-0.0130
Orange,2020-08-08,3.581,-2.78959,0.91210,0.00550,7,0,-0.0276
Orange,2020-08-15,3.581,-2.68393,0.92180,0.00970,7,0,-0.0294
Orange,2020-08-22,3.581,-2.67142,0.91300,-0.00880,7,0,-0.0014
Orange,2020-08-29,3.581,-2.81579,0.90730,-0.00570,7,0,0.0487
Orange,2020-09-05,3.581,-2.82720,0.88460,-0.02270,5,-2,0.0716
Orange,2020-09-12,3.581,-2.92554,0.87310,-0.01150,3,-2,0.0605
Orange,2020-09-19,3.581,-3.07358,0.88800,0.01490,3,0,0.0400
Orange,2020-09-26,3.581,-3.08564,0.92830,0.04030,3,0,0.0381
Orange,2020-10-03,3.581,-3.06136,0.96110,0.03280,3,0,0.0632
Orange,2020-10-10,3.581,-3.06807,0.98820,0.02710,3,0,0.0841
Orange,2020-10-17,3.581,-3.09359,0.99830,0.01010,3,0,0.0806
Orange,2020-10-24,3.581,-3.02797,1.02910,0.03080,3,0,0.0596
Orange,2020-10-31,3.581,-2.96904,1.06320,0.03410,3,0,0.0450
Orange,2020-11-07,3.581,-2.94112,1.11240,0.04920,3,0,0.0209
Orange,2020-11-14,3.581,-2.80521,1.14390,0.03150,3,0,-0.0091
Orange,2020-11-21,3.581,-2.61807,1.17300,0.02910,4,1,-0.0282
Orange,2020-11-28,3.581,-2.41023,1.18520,0.01220,4,0,-0.0287
Los Angeles,2020-05-03,3.384,-2.88003,0.95250,-0.09020,9,0,0.1040
Los Angeles,2020-05-10,3.384,-2.92003,0.92250,-0.03000,7,-2,0.0478
Los Angeles,2020-05-17,3.384,-2.91424,0.96210,0.03960,6,-1,0.0052
Los Angeles,2020-05-24,3.384,-2.88036,1.02430,0.06220,6,0,0.0025
Los Angeles,2020-05-31,3.384,-2.77356,1.06160,0.03730,3,-3,0.0102
Los Angeles,2020-06-07,3.384,-2.72912,1.07330,0.01170,3,0,-0.0042
Los Angeles,2020-06-14,3.384,-2.74876,1.06140,-0.01190,1,-2,-0.0584
Los Angeles,2020-06-21,3.384,-2.71335,1.06850,0.00710,0,-1,-0.1028
Los Angeles,2020-06-28,3.384,-2.60879,1.08750,0.01900,1,1,-0.0800
Los Angeles,2020-07-05,3.384,-2.50494,1.06510,-0.02240,2,1,-0.0232
Los Angeles,2020-07-12,3.384,-2.45245,1.01510,-0.05000,3,1,0.0023
Los Angeles,2020-07-19,3.384,-2.39291,0.95880,-0.05630,7,4,-0.0022
Los Angeles,2020-07-26,3.384,-2.39769,0.93170,-0.02710,7,0,-0.0197
Los Angeles,2020-08-02,3.384,-2.44490,0.94000,0.00830,7,0,-0.0211
Los Angeles,2020-08-09,3.384,-2.46633,0.93680,-0.00320,7,0,-0.0048
Los Angeles,2020-08-16,3.384,-2.53060,0.93650,-0.00030,7,0,0.0059
Los Angeles,2020-08-23,3.384,-2.63970,0.92340,-0.01310,7,0,0.0243
Los Angeles,2020-08-30,3.384,-2.73043,0.91110,-0.01230,7,0,0.0340
Los Angeles,2020-09-06,3.384,-2.78344,0.91130,0.00020,6,-1,0.0342
Los Angeles,2020-09-13,3.384,-2.88281,0.92320,0.01190,6,0,0.0373
Los Angeles,2020-09-20,3.384,-2.90894,0.93910,0.01590,6,0,0.0380
Los Angeles,2020-09-27,3.384,-2.86419,0.95490,0.01580,6,0,0.0481
Los Angeles,2020-10-04,3.384,-2.86570,0.97830,0.02340,6,0,0.0790
Los Angeles,2020-10-11,3.384,-2.84820,0.99290,0.01460,6,0,0.0760
Los Angeles,2020-10-18,3.384,-2.86199,1.01230,0.01940,6,0,0.0552
Los Angeles,2020-10-25,3.384,-2.75844,1.04490,0.03260,6,0,0.0499
Los Angeles,2020-11-01,3.384,-2.68778,1.09440,0.04950,6,0,0.0366
Los Angeles,2020-11-08,3.384,-2.65198,1.12260,0.02820,6,0,0.0043
Los Angeles,2020-11-15,3.384,-2.52098,1.14610,0.02350,6,0,-0.0409
Los Angeles,2020-11-22,3.384,-2.37790,1.16720,0.02110,6,0,-0.0367
Los Angeles,2020-11-29,3.384,-2.25393,1.18480,0.01760,6,0,-0.0020
Santa Clara,2020-05-03,3.140,-3.72380,0.78380,0.00560,7,0,0.1640
Santa Clara,2020-05-10,3.140,-3.87477,0.84890,0.06510,6,-1,0.1241
Santa Clara,2020-05-17,3.140,-3.93496,0.95130,0.10240,6,0,0.1039
Santa Clara,2020-05-24,3.140,-3.83727,1.03780,0.08650,5,-1,0.1219
Santa Clara,2020-05-31,3.140,-3.77211,1.11170,0.07390,5,0,0.0794
Santa Clara,2020-06-07,3.140,-3.76943,1.15520,0.04350,0,-5,-0.0203
Santa Clara,2020-06-14,3.140,-3.65703,1.21460,0.05940,0,0,-0.1068
Santa Clara,2020-06-21,3.140,-3.49956,1.27950,0.06490,0,0,-0.1561
Santa Clara,2020-06-28,3.140,-3.29678,1.29540,0.01590,0,0,-0.1455
Santa Clara,2020-07-05,3.140,-3.04427,1.25260,-0.04280,3,3,-0.1152
Santa Clara,2020-07-12,3.140,-2.95171,1.17480,-0.07780,3,0,-0.0974
Santa Clara,2020-07-19,3.140,-2.94226,1.09280,-0.08200,7,4,-0.0750
Santa Clara,2020-07-26,3.140,-2.84309,1.03160,-0.06120,7,0,-0.0473
Santa Clara,2020-08-02,3.140,-2.78025,0.97980,-0.05180,7,0,-0.0243
Santa Clara,2020-08-09,3.140,-2.81697,0.93670,-0.04310,7,0,0.0065
Santa Clara,2020-08-16,3.140,-2.70119,0.90830,-0.02840,7,0,0.0324
Santa Clara,2020-08-23,3.140,-2.70914,0.89170,-0.01660,7,0,0.0416
Santa Clara,2020-08-30,3.140,-2.86902,0.88150,-0.01020,7,0,0.0476
Santa Clara,2020-09-06,3.140,-2.81548,0.90080,0.01930,5,-2,0.0378
Santa Clara,2020-09-13,3.140,-2.87716,0.92140,0.02060,4,-1,0.0379
Santa Clara,2020-09-20,3.140,-3.02628,0.94080,0.01940,4,0,0.0477
Santa Clara,2020-09-27,3.140,-3.07611,0.96540,0.02460,4,0,0.0538
Santa Clara,2020-10-04,3.140,-3.12598,0.97950,0.01410,4,0,0.0640
Santa Clara,2020-10-11,3.140,-3.13456,1.00430,0.02480,4,0,0.0633
Santa Clara,2020-10-18,3.140,-3.14018,1.02460,0.02030,2,-2,0.0574
Santa Clara,2020-10-25,3.140,-3.08019,1.05930,0.03470,2,0,0.0397
Santa Clara,2020-11-01,3.140,-2.99914,1.08980,0.03050,2,0,0.0198
Santa Clara,2020-11-08,3.140,-2.91098,1.12400,0.03420,2,0,-0.0032
Santa Clara,2020-11-15,3.140,-2.78053,1.14710,0.02310,2,0,-0.0292
Santa Clara,2020-11-22,3.140,-2.65951,1.16260,0.01550,4,2,-0.0580
Santa Clara,2020-11-29,3.140,-2.50425,1.16190,-0.00070,4,0,-0.0790
San Francisco,2020-05-04,4.235,-3.26178,0.83810,-0.02050,7,-1,0.1083
San Francisco,2020-05-11,4.235,-3.21237,0.87110,0.03300,7,0,0.0847
San Francisco,2020-05-18,4.235,-3.29024,0.90910,0.03800,6,-1,0.0329
San Francisco,2020-05-25,4.235,-3.30116,0.96440,0.05530,5,-1,0.0280
San Francisco,2020-06-01,4.235,-3.29517,1.01590,0.05150,5,0,0.0737
San Francisco,2020-06-08,4.235,-3.34225,1.04330,0.02740,5,0,0.0604
San Francisco,2020-06-15,4.235,-3.35458,1.03800,-0.00530,3,-2,-0.0194
San Francisco,2020-06-22,4.235,-3.32812,1.07470,0.03670,3,0,-0.0884
San Francisco,2020-06-29,4.235,-3.15203,1.12700,0.05230,3,0,-0.1160
San Francisco,2020-07-06,4.235,-3.02977,1.14780,0.02080,3,0,-0.0847
San Francisco,2020-07-13,4.235,-2.92423,1.09560,-0.05220,3,0,-0.0297
San Francisco,2020-07-20,4.235,-2.81838,1.03940,-0.05620,7,4,-0.0026
San Francisco,2020-07-27,4.235,-2.78070,0.97810,-0.06130,7,0,-0.0156
San Francisco,2020-08-03,4.235,-2.72955,0.95700,-0.02110,7,0,-0.0448
San Francisco,2020-08-10,4.235,-2.73225,0.95690,-0.00010,7,0,-0.0529
San Francisco,2020-08-17,4.235,-2.78131,0.95780,0.00090,7,0,-0.0228
San Francisco,2020-08-24,4.235,-2.81838,0.93420,-0.02360,7,0,0.0141
San Francisco,2020-08-31,4.235,-2.87670,0.90820,-0.02600,6,-1,0.0289
San Francisco,2020-09-07,4.235,-2.91836,0.88430,-0.02390,6,0,0.0329
San Francisco,2020-09-14,4.235,-2.99019,0.89130,0.00700,6,0,0.0419
San Francisco,2020-09-21,4.235,-3.01862,0.90370,0.01240,4,-2,0.0782
San Francisco,2020-09-28,4.235,-3.02442,0.92140,0.01770,4,0,0.1116
San Francisco,2020-10-05,4.235,-3.10863,0.93780,0.01640,4,0,0.1075
San Francisco,2020-10-12,4.235,-3.26363,0.96280,0.02500,3,-1,0.0758
San Francisco,2020-10-19,4.235,-3.31236,1.01730,0.05450,3,0,0.0452
San Francisco,2020-10-26,4.235,-3.25001,1.07650,0.05920,3,0,0.0269
San Francisco,2020-11-02,4.235,-3.15346,1.12030,0.04380,3,0,0.0070
San Francisco,2020-11-09,4.235,-2.96863,1.15010,0.02980,3,0,-0.0078
San Francisco,2020-11-16,4.235,-2.84008,1.16790,0.01780,4,1,-0.0432
San Francisco,2020-11-23,4.235,-2.77200,1.17430,0.00640,4,0,-0.0815
San Francisco,2020-11-30,4.235,-2.67801,1.16920,-0.00510,4,0,-0.0735
San Diego,2020-05-01,2.867,-3.30792,1.06210,-0.01770,7,-1,-0.0092
San Diego,2020-05-08,2.867,-3.23783,1.03250,-0.02960,5,-2,0.0378
San Diego,2020-05-15,2.867,-3.25820,1.00410,-0.02840,5,0,0.0847
San Diego,2020-05-22,2.867,-3.26790,0.99030,-0.01380,3,-2,0.1013
San Diego,2020-05-29,2.867,-3.28159,0.99620,0.00590,2,-1,0.1017
San Diego,2020-06-05,2.867,-3.27431,1.03200,0.03580,1,-1,0.0546
San Diego,2020-06-12,2.867,-3.23990,1.08380,0.05180,0,-1,-0.0475
San Diego,2020-06-19,2.867,-3.17990,1.13360,0.04980,0,0,-0.1279
San Diego,2020-06-26,2.867,-3.00168,1.18440,0.05080,0,0,-0.1361
San Diego,2020-07-03,2.867,-2.78833,1.18680,0.00240,1,1,-0.1063
San Diego,2020-07-10,2.867,-2.70599,1.12610,-0.06070,3,2,-0.0719
San Diego,2020-07-17,2.867,-2.68430,1.05160,-0.07450,7,4,-0.0277
San Diego,2020-07-24,2.867,-2.65692,0.99470,-0.05690,7,0,0.0166
San Diego,2020-07-31,2.867,-2.69952,0.94930,-0.04540,8,1,0.0399
San Diego,2020-08-07,2.867,-2.76193,0.92060,-0.02870,8,0,0.0416
San Diego,2020-08-14,2.867,-2.81591,0.92400,0.00340,8,0,0.0185
San Diego,2020-08-21,2.867,-2.90009,0.94290,0.01890,8,0,-0.0247
San Diego,2020-08-28,2.867,-2.94593,0.96660,0.02370,8,0,-0.0364
San Diego,2020-09-04,2.867,-2.91571,0.99000,0.02340,3,-5,-0.0191
San Diego,2020-09-11,2.867,-2.89466,0.98390,-0.00610,3,0,0.0024
San Diego,2020-09-18,2.867,-2.90273,0.95460,-0.02930,3,0,0.0373
San Diego,2020-09-25,2.867,-2.91084,0.93720,-0.01740,3,0,0.0665
San Diego,2020-10-02,2.867,-2.93841,0.94050,0.00330,3,0,0.0948
San Diego,2020-10-09,2.867,-2.93407,0.94970,0.00920,3,0,0.1122
San Diego,2020-10-16,2.867,-2.91539,0.97990,0.03020,3,0,0.0980
San Diego,2020-10-23,2.867,-2.90305,1.01760,0.03770,3,0,0.0466
San Diego,2020-10-30,2.867,-2.85474,1.07400,0.05640,3,0,-0.0334
San Diego,2020-11-06,2.867,-2.80136,1.13090,0.05690,3,0,-0.0798
San Diego,2020-11-13,2.867,-2.69840,1.17490,0.04400,4,1,-0.0604
San Diego,2020-11-20,2.867,-2.51139,1.17200,-0.00290,4,0,-0.0118
San Diego,2020-11-27,2.867,-2.33412,1.13130,-0.04070,4,0,0.0385
Humboldt,2020-05-12,1.576,-4.09051,1.09580,0.07520,6,-2,-0.0558
Humboldt,2020-05-19,1.576,-3.62676,1.10760,0.01180,4,-2,0.0016
Humboldt,2020-06-30,1.576,-3.71693,1.14000,0.05290,0,0,-0.0545
Humboldt,2020-07-07,1.576,-3.51912,1.14180,0.00180,0,0,-0.0488
Humboldt,2020-07-14,1.576,-3.51912,1.13110,-0.01070,3,3,-0.0588
Humboldt,2020-07-21,1.576,-3.51912,1.10420,-0.02690,3,0,-0.0653
Humboldt,2020-07-28,1.576,-3.45981,1.07110,-0.03310,3,0,-0.0633
Humboldt,2020-08-04,1.576,-3.43294,1.04840,-0.02270,3,0,-0.0662
Humboldt,2020-08-11,1.576,-3.27457,1.01560,-0.03280,3,0,-0.0519
Humboldt,2020-08-18,1.576,-3.22882,0.98380,-0.03180,3,0,-0.0232
Humboldt,2020-08-25,1.576,-3.30583,0.95610,-0.02770,3,0,-0.0017
Humboldt,2020-09-01,1.576,-3.29940,0.91770,-0.03840,2,-1,0.0123
Humboldt,2020-09-08,1.576,-3.26268,0.90580,-0.01190,2,0,0.0336
Humboldt,2020-09-15,1.576,-3.19741,0.90030,-0.00550,2,0,0.0560
Humboldt,2020-09-22,1.576,-3.39154,0.90070,0.00040,2,0,0.0742
Humboldt,2020-09-29,1.576,-3.65479,0.91290,0.01220,2,0,0.0959
Humboldt,2020-10-06,1.576,-3.58784,0.93880,0.02590,2,0,0.1318
Humboldt,2020-10-13,1.576,-3.73397,0.97260,0.03380,1,-1,0.1429
Humboldt,2020-10-20,1.576,-3.60043,1.00880,0.03620,1,0,0.0970
Humboldt,2020-10-27,1.576,-3.60043,1.06890,0.06010,1,0,0.0320
Humboldt,2020-11-03,1.576,-3.68475,1.14220,0.07330,1,0,-0.0143
Humboldt,2020-11-10,1.576,-3.38372,1.21090,0.06870,1,0,-0.0444
Humboldt,2020-11-17,1.576,-3.09448,1.23780,0.02690,3,2,-0.0886
Humboldt,2020-11-24,1.576,-2.88393,1.23860,0.00080,4,1,-0.1107
Humboldt,2020-12-01,1.576,-2.78166,1.22130,-0.01730,4,0,-0.0834
Sacramento,2020-05-01,3.168,-3.88696,0.79520,-0.04290,6,-1,0.2455
Sacramento,2020-05-08,3.168,-4.02863,0.82340,0.02820,6,0,0.2502
Sacramento,2020-05-15,3.168,-4.09558,0.90230,0.07890,6,0,0.1976
Sacramento,2020-05-22,3.168,-4.12554,1.01820,0.11590,1,-5,0.1412
Sacramento,2020-05-29,3.168,-3.96524,1.15080,0.13260,1,0,0.0782
Sacramento,2020-06-05,3.168,-3.78206,1.26610,0.11530,1,0,-0.0401
Sacramento,2020-06-12,3.168,-3.65493,1.34270,0.07660,0,-1,-0.1694
Sacramento,2020-06-19,3.168,-3.51484,1.40490,0.06220,0,0,-0.2418
Sacramento,2020-06-26,3.168,-3.19158,1.42040,0.01550,0,0,-0.2286
Sacramento,2020-07-03,3.168,-2.94559,1.35810,-0.06230,3,3,-0.1572
Sacramento,2020-07-10,3.168,-2.77926,1.23630,-0.12180,3,0,-0.0890
Sacramento,2020-07-17,3.168,-2.72144,1.10990,-0.12640,7,4,-0.0339
Sacramento,2020-07-24,3.168,-2.64302,1.01470,-0.09520,7,0,-0.0055
Sacramento,2020-07-31,3.168,-2.65506,0.95830,-0.05640,7,0,-0.0078
Sacramento,2020-08-07,3.168,-2.82432,0.92850,-0.02980,7,0,-0.0182
Sacramento,2020-08-14,3.168,-2.59555,0.93110,0.00260,7,0,-0.0160
Sacramento,2020-08-21,3.168,-2.52630,0.92650,-0.00460,7,0,-0.0066
Sacramento,2020-08-28,3.168,-2.62637,0.91920,-0.00730,7,0,0.0101
Sacramento,2020-09-04,3.168,-2.62245,0.90830,-0.01090,5,-2,0.0413
Sacramento,2020-09-11,3.168,-2.71042,0.90500,-0.00330,5,0,0.0580
Sacramento,2020-09-18,3.168,-2.80221,0.89900,-0.00600,5,0,0.0645
Sacramento,2020-09-25,3.168,-2.84842,0.91680,0.01780,4,-1,0.0802
Sacramento,2020-10-02,3.168,-2.94842,0.94380,0.02700,3,-1,0.0824
Sacramento,2020-10-09,3.168,-3.00862,0.98030,0.03650,3,0,0.0692
Sacramento,2020-10-16,3.168,-3.04863,1.01300,0.03270,3,0,0.0484
Sacramento,2020-10-23,3.168,-2.96658,1.05780,0.04480,3,0,0.0273
Sacramento,2020-10-30,3.168,-2.87525,1.09160,0.03380,3,0,0.0115
Sacramento,2020-11-06,3.168,-2.81950,1.12340,0.03180,3,0,0.0009
Sacramento,2020-11-13,3.168,-2.61223,1.14300,0.01960,4,1,-0.0053
Sacramento,2020-11-20,3.168,-2.44762,1.15100,0.00800,4,0,-0.0220
Sacramento,2020-11-27,3.168,-2.34270,1.14170,-0.00930,4,0,-0.0431
Solano,2020-05-07,2.702,-3.45663,1.04380,-0.01510,5,-1,0.0813
Solano,2020-05-14,2.702,-3.47710,1.02980,-0.01400,3,-2,0.0989
Solano,2020-05-21,2.702,-3.60909,1.03480,0.00500,3,0,0.1098
Solano,2020-05-28,2.702,-3.63415,1.07860,0.04380,0,-3,0.0716
Solano,2020-06-04,2.702,-3.57401,1.12280,0.04420,0,0,0.0064
Solano,2020-06-11,2.702,-3.51137,1.18080,0.05800,0,0,-0.0603
Solano,2020-06-18,2.702,-3.24754,1.23000,0.04920,0,0,-0.1183
Solano,2020-06-25,2.702,-3.11213,1.25080,0.02080,0,0,-0.1341
Solano,2020-07-02,2.702,-2.81565,1.23030,-0.02050,3,3,-0.1242
Solano,2020-07-09,2.702,-2.63587,1.17950,-0.05080,3,0,-0.1075
Solano,2020-07-16,2.702,-2.63544,1.11140,-0.06810,6,3,-0.0756
Solano,2020-07-23,2.702,-2.60304,1.05050,-0.06090,7,1,-0.0422
Solano,2020-07-30,2.702,-2.62269,0.98750,-0.06300,7,0,-0.0288
Solano,2020-08-06,2.702,-2.68957,0.94070,-0.04680,7,0,-0.0139
Solano,2020-08-13,2.702,-2.63243,0.91340,-0.02730,7,0,0.0171
Solano,2020-08-20,2.702,-2.61852,0.89910,-0.01430,7,0,0.0364
Solano,2020-08-27,2.702,-2.73865,0.88660,-0.01250,7,0,0.0493
Solano,2020-09-03,2.702,-2.84259,0.88530,-0.00130,5,-2,0.0604
Solano,2020-09-10,2.702,-2.95995,0.90420,0.01890,5,0,0.0493
Solano,2020-09-17,2.702,-3.01213,0.92670,0.02250,5,0,0.0443
Solano,2020-09-24,2.702,-2.96361,0.95500,0.02830,3,-2,0.0565
Solano,2020-10-01,2.702,-3.01419,0.99070,0.03570,3,0,0.0473
Solano,2020-10-08,2.702,-3.00500,1.00530,0.01460,3,0,0.0476
Solano,2020-10-15,2.702,-2.96086,1.03110,0.02580,3,0,0.0562
Solano,2020-10-22,2.702,-2.90527,1.05930,0.02820,3,0,0.0472
Solano,2020-10-29,2.702,-2.83570,1.07770,0.01840,3,0,0.0324
Solano,2020-11-05,2.702,-2.76515,1.10560,0.02790,3,0,0.0127
Solano,2020-11-12,2.702,-2.63415,1.13260,0.02700,3,0,-0.0031
Solano,2020-11-19,2.702,-2.52620,1.15610,0.02350,4,1,-0.0248
Solano,2020-11-26,2.702,-2.48011,1.16350,0.00740,4,0,-0.0518
Marin,2020-05-01,2.686,-3.69206,0.96640,0.05770,8,0,0.0941
Marin,2020-05-08,2.686,-3.81427,1.06350,0.09710,7,-1,-0.0173
Marin,2020-05-15,2.686,-3.78286,1.20340,0.13990,7,0,-0.0261
Marin,2020-05-22,2.686,-3.34815,1.29290,0.08950,5,-2,-0.0072
Marin,2020-05-29,2.686,-3.19361,1.28870,-0.00420,5,0,-0.0280
Marin,2020-06-05,2.686,-3.15626,1.27080,-0.01790,4,-1,-0.1152
Marin,2020-06-12,2.686,-3.03252,1.26350,-0.00730,3,-1,-0.1864
Marin,2020-06-19,2.686,-2.85285,1.26520,0.00170,3,0,-0.1403
Marin,2020-06-26,2.686,-2.44136,1.23150,-0.03370,3,0,-0.0778
Marin,2020-07-03,2.686,-2.17603,1.14130,-0.09020,2,-1,-0.0555
Marin,2020-07-10,2.686,-2.27394,1.04550,-0.09580,3,1,-0.0313
Marin,2020-07-17,2.686,-2.23937,1.00560,-0.03990,7,4,-0.0310
Marin,2020-07-24,2.686,-2.23192,0.97100,-0.03460,7,0,-0.0356
Marin,2020-07-31,2.686,-2.49830,0.94900,-0.02200,7,0,-0.0224
Marin,2020-08-07,2.686,-2.55123,0.94030,-0.00870,7,0,-0.0061
Marin,2020-08-14,2.686,-2.55900,0.92210,-0.01820,7,0,-0.0030
Marin,2020-08-21,2.686,-2.64328,0.90530,-0.01680,7,0,-0.0031
Marin,2020-08-28,2.686,-2.85882,0.89300,-0.01230,7,0,0.0036
Marin,2020-09-04,2.686,-2.79515,0.89970,0.00670,5,-2,0.0091
Marin,2020-09-11,2.686,-2.85882,0.88810,-0.01160,5,0,0.0155
Marin,2020-09-18,2.686,-3.00640,0.89360,0.00550,3,-2,0.0307
Marin,2020-09-25,2.686,-2.99309,0.90200,0.00840,3,0,0.0508
Marin,2020-10-02,2.686,-3.09411,0.91030,0.00830,3,0,0.0746
Marin,2020-10-09,2.686,-3.16106,0.91790,0.00760,3,0,0.1175
Marin,2020-10-16,2.686,-3.07787,0.93840,0.02050,3,0,0.1417
Marin,2020-10-23,2.686,-3.15388,0.96930,0.03090,3,0,0.1269
Marin,2020-10-30,2.686,-3.24314,1.01400,0.04470,2,-1,0.0719
Marin,2020-11-06,2.686,-3.17082,1.08880,0.07480,2,0,0.0197
Marin,2020-11-13,2.686,-3.08795,1.15910,0.07030,2,0,0.0015
Marin,2020-11-20,2.686,-2.98017,1.21240,0.05330,3,1,-0.0401
Marin,2020-11-27,2.686,-2.86245,1.22090,0.00850,3,0,-0.0957
Napa,2020-05-07,2.261,-3.82702,0.96770,0.00490,5,0,0.1456
Napa,2020-05-21,2.261,-3.91879,1.06200,0.05410,2,-2,0.0508
Napa,2020-05-28,2.261,-3.68684,1.13570,0.07370,0,-2,-0.0231
Napa,2020-06-04,2.261,-3.65787,1.20980,0.07410,0,0,-0.0631
Napa,2020-06-11,2.261,-3.44166,1.25660,0.04680,0,0,-0.0878
Napa,2020-06-18,2.261,-3.24614,1.26030,0.00370,0,0,-0.1084
Napa,2020-06-25,2.261,-3.17151,1.23180,-0.02850,0,0,-0.1117
Napa,2020-07-02,2.261,-3.00002,1.19350,-0.03830,0,0,-0.1074
Napa,2020-07-09,2.261,-2.82702,1.13980,-0.05370,3,3,-0.0663
Napa,2020-07-16,2.261,-2.79321,1.08150,-0.05830,6,3,-0.0123
Napa,2020-07-23,2.261,-2.76363,1.02760,-0.05390,7,1,-0.0101
Napa,2020-07-30,2.261,-2.68385,0.97420,-0.05340,7,0,-0.0540
Napa,2020-08-06,2.261,-2.65230,0.95630,-0.01790,7,0,-0.0830
Napa,2020-08-13,2.261,-2.66636,0.97120,0.01490,7,0,-0.0503
Napa,2020-08-20,2.261,-2.71787,0.95180,-0.01940,7,0,0.0075
Napa,2020-08-27,2.261,-2.80093,0.90770,-0.04410,7,0,0.0526
Napa,2020-09-03,2.261,-2.94241,0.87160,-0.03610,3,-4,0.0722
Napa,2020-09-10,2.261,-3.00622,0.86100,-0.01060,3,0,0.0802
Napa,2020-09-17,2.261,-3.03196,0.88210,0.02110,3,0,0.0831
Napa,2020-09-24,2.261,-3.06645,0.91670,0.03460,3,0,0.0818
Napa,2020-10-01,2.261,-3.00002,0.95270,0.03600,3,0,0.0666
Napa,2020-10-08,2.261,-3.05581,0.99630,0.04360,3,0,0.0468
Napa,2020-10-15,2.261,-3.10002,1.03780,0.04150,3,0,0.0488
Napa,2020-10-22,2.261,-2.98488,1.08040,0.04260,3,0,0.0347
Napa,2020-10-29,2.261,-2.93972,1.10190,0.02150,3,0,0.0080
Napa,2020-11-05,2.261,-2.79513,1.12630,0.02440,3,0,0.0033
Napa,2020-11-12,2.261,-2.56604,1.15580,0.02950,3,0,0.0045
Napa,2020-11-19,2.261,-2.47346,1.15890,0.00310,4,1,-0.0315
Napa,2020-11-26,2.261,-2.40105,1.15700,-0.00190,4,0,-0.0834
Sonoma,2020-05-06,2.487,-3.73600,1.08920,0.03560,7,0,-0.0299
Sonoma,2020-05-13,2.487,-3.67860,1.11560,0.02640,6,-1,-0.0125
Sonoma,2020-05-20,2.487,-3.60288,1.12560,0.01000,5,-1,0.0329
Sonoma,2020-05-27,2.487,-3.41423,1.10850,-0.01710,5,0,0.0592
Sonoma,2020-06-03,2.487,-3.43972,1.08760,-0.02090,5,0,0.0444
Sonoma,2020-06-10,2.487,-3.55057,1.10010,0.01250,2,-3,0.0041
Sonoma,2020-06-17,2.487,-3.37757,1.12850,0.02840,2,0,-0.0437
Sonoma,2020-06-24,2.487,-3.21835,1.16030,0.03180,0,-2,-0.0760
Sonoma,2020-07-01,2.487,-3.07038,1.17820,0.01790,0,0,-0.0913
Sonoma,2020-07-08,2.487,-2.96339,1.15400,-0.02420,0,0,-0.0798
Sonoma,2020-07-15,2.487,-2.82473,1.12440,-0.02960,6,6,-0.0605
Sonoma,2020-07-22,2.487,-2.84125,1.07980,-0.04460,7,1,-0.0510
Sonoma,2020-07-29,2.487,-2.81386,1.03260,-0.04720,7,0,-0.0505
Sonoma,2020-08-05,2.487,-2.71436,1.00220,-0.03040,7,0,-0.0536
Sonoma,2020-08-12,2.487,-2.65407,0.97340,-0.02880,7,0,-0.0248
Sonoma,2020-08-19,2.487,-2.50361,0.94790,-0.02550,7,0,0.0033
Sonoma,2020-08-26,2.487,-2.50583,0.91990,-0.02800,7,0,0.0255
Sonoma,2020-09-02,2.487,-2.58987,0.90010,-0.01980,5,-2,0.0382
Sonoma,2020-09-09,2.487,-2.66077,0.89280,-0.00730,5,0,0.0523
Sonoma,2020-09-16,2.487,-2.81897,0.90310,0.01030,5,0,0.0613
Sonoma,2020-09-23,2.487,-2.84914,0.92460,0.02150,4,-1,0.0586
Sonoma,2020-09-30,2.487,-2.82415,0.94340,0.01880,4,0,0.0488
Sonoma,2020-10-07,2.487,-2.76630,0.97930,0.03590,4,0,0.0398
Sonoma,2020-10-14,2.487,-2.68401,1.00440,0.02510,4,0,0.0503
Sonoma,2020-10-21,2.487,-2.70415,1.03770,0.03330,4,0,0.0468
Sonoma,2020-10-28,2.487,-2.72024,1.05210,0.01440,4,0,0.0452
Sonoma,2020-11-04,2.487,-2.71391,1.07570,0.02360,4,0,0.0331
Sonoma,2020-11-11,2.487,-2.68401,1.10020,0.02450,4,0,0.0055
Sonoma,2020-11-18,2.487,-2.64748,1.12350,0.02330,4,0,-0.0349
Sonoma,2020-11-25,2.487,-2.60637,1.14860,0.02510,4,0,-0.0648
Alameda,2020-05-03,3.310,-3.44493,0.97460,-0.02510,6,-1,0.0314
Alameda,2020-05-10,3.310,-3.43684,0.99280,0.01820,6,0,0.0181
Alameda,2020-05-17,3.310,-3.40387,1.00890,0.01610,6,0,-0.0029
Alameda,2020-05-24,3.310,-3.31832,1.01950,0.01060,5,-1,0.0203
Alameda,2020-05-31,3.310,-3.21295,1.04060,0.02110,5,0,0.0683
Alameda,2020-06-07,3.310,-3.20051,1.03480,-0.00580,5,0,0.0523
Alameda,2020-06-14,3.310,-3.24360,1.03250,-0.00230,4,-1,-0.0152
Alameda,2020-06-21,3.310,-3.24314,1.06000,0.02750,3,-1,-0.0725
Alameda,2020-06-28,3.310,-3.08175,1.10540,0.04540,3,0,-0.1035
Alameda,2020-07-05,3.310,-2.90033,1.11650,0.01110,3,0,-0.0853
Alameda,2020-07-12,3.310,-2.87463,1.08350,-0.03300,1,-2,-0.0396
Alameda,2020-07-19,3.310,-2.83514,1.03340,-0.05010,6,5,-0.0011
Alameda,2020-07-26,3.310,-2.80982,0.97890,-0.05450,6,0,-0.0025
Alameda,2020-08-02,3.310,-2.84046,0.95060,-0.02830,6,0,-0.0419
Alameda,2020-08-09,3.310,-2.77800,0.94270,-0.00790,6,0,-0.0586
Alameda,2020-08-16,3.310,-2.65881,0.96110,0.01840,6,0,-0.0236
Alameda,2020-08-23,3.310,-2.65146,0.94050,-0.02060,6,0,0.0249
Alameda,2020-08-30,3.310,-2.75345,0.90740,-0.03310,6,0,0.0601
Alameda,2020-09-06,3.310,-2.83043,0.87930,-0.02810,5,-1,0.0581
Alameda,2020-09-13,3.310,-2.92183,0.88710,0.00780,5,0,0.0438
Alameda,2020-09-20,3.310,-3.05766,0.91060,0.02350,5,0,0.0591
Alameda,2020-09-27,3.310,-3.13363,0.94540,0.03480,4,-1,0.0747
Alameda,2020-10-04,3.310,-3.15139,0.96790,0.02250,4,0,0.0687
Alameda,2020-10-11,3.310,-3.22981,0.99040,0.02250,4,0,0.0545
Alameda,2020-10-18,3.310,-3.24454,1.02830,0.03790,4,0,0.0388
Alameda,2020-10-25,3.310,-3.14651,1.06330,0.03500,3,-1,0.0339
Alameda,2020-11-01,3.310,-3.07919,1.09210,0.02880,3,0,0.0252
Alameda,2020-11-08,3.310,-3.02485,1.12100,0.02890,3,0,0.0061
Alameda,2020-11-15,3.310,-2.93839,1.13580,0.01480,3,0,-0.0106
Alameda,2020-11-22,3.310,-2.79147,1.15430,0.01850,3,0,-0.0463
Alameda,2020-11-29,3.310,-2.65530,1.15700,0.00270,3,0,-0.0854
Placer,2020-05-04,2.394,-4.09689,0.90260,0.05810,7,0,0.3089
Placer,2020-05-25,2.394,-4.39792,1.25620,0.16630,3,0,-0.1197
Placer,2020-06-01,2.394,-3.95076,1.39760,0.14140,1,-2,-0.1864
Placer,2020-06-08,2.394,-3.53659,1.47160,0.07400,1,0,-0.1517
Placer,2020-06-15,2.394,-3.33597,1.42380,-0.04780,0,-1,-0.1183
Placer,2020-06-22,2.394,-3.22183,1.32550,-0.09830,0,0,-0.1199
Placer,2020-06-29,2.394,-3.17089,1.23410,-0.09140,0,0,-0.0944
Placer,2020-07-06,2.394,-2.98073,1.17770,-0.05640,0,0,-0.0638
Placer,2020-07-13,2.394,-2.90099,1.11710,-0.06060,3,3,-0.0570
Placer,2020-07-20,2.394,-2.88205,1.06120,-0.05590,3,0,-0.0527
Placer,2020-07-27,2.394,-2.81738,1.02860,-0.03260,3,0,-0.0586
Placer,2020-08-03,2.394,-2.84566,0.99630,-0.03230,3,0,-0.0500
Placer,2020-08-10,2.394,-2.77192,0.97100,-0.02530,3,0,-0.0301
Placer,2020-08-17,2.394,-2.73706,0.94120,-0.02980,3,0,-0.0175
Placer,2020-08-24,2.394,-2.89641,0.91190,-0.02930,3,0,-0.0001
Placer,2020-08-31,2.394,-2.99652,0.89170,-0.02020,5,2,0.0290
Placer,2020-09-07,2.394,-2.98630,0.88400,-0.00770,5,0,0.0544
Placer,2020-09-14,2.394,-3.06616,0.87310,-0.01090,3,-2,0.0895
Placer,2020-09-21,2.394,-3.08829,0.88110,0.00800,3,0,0.1179
Placer,2020-09-28,2.394,-3.15571,0.91070,0.02960,3,0,0.1044
Placer,2020-10-05,2.394,-3.28176,0.94170,0.03100,3,0,0.0900
Placer,2020-10-12,2.394,-3.27298,1.00080,0.05910,3,0,0.0691
Placer,2020-10-19,2.394,-3.10567,1.05970,0.05890,2,-1,0.0417
Placer,2020-10-26,2.394,-2.98184,1.10560,0.04590,2,0,0.0137
Placer,2020-11-02,2.394,-2.88471,1.14790,0.04230,2,0,-0.0040
Placer,2020-11-09,2.394,-2.74471,1.17220,0.02430,3,1,-0.0005
Placer,2020-11-16,2.394,-2.60553,1.19150,0.01930,3,0,-0.0259
Placer,2020-11-23,2.394,-2.48837,1.18260,-0.00890,4,1,-0.0745
Placer,2020-11-30,2.394,-2.48588,1.18290,0.00030,4,0,-0.1001
San Mateo,2020-05-04,3.205,-3.32527,1.00570,-0.01110,6,-1,0.0154
San Mateo,2020-05-11,3.205,-3.29845,0.99570,-0.01000,5,-1,0.0192
San Mateo,2020-05-18,3.205,-3.28181,1.00110,0.00540,4,-1,0.0303
San Mateo,2020-05-25,3.205,-3.21908,1.00890,0.00780,4,0,0.0543
San Mateo,2020-06-01,3.205,-3.19347,1.01690,0.00800,3,-1,0.0616
San Mateo,2020-06-08,3.205,-3.20700,1.02840,0.01150,2,-1,0.0257
San Mateo,2020-06-15,3.205,-3.27855,1.05030,0.02190,2,0,-0.0251
San Mateo,2020-06-22,3.205,-3.30072,1.08440,0.03410,0,-2,-0.0502
San Mateo,2020-06-29,3.205,-3.14006,1.11110,0.02670,0,0,-0.0629
San Mateo,2020-07-06,3.205,-2.97003,1.10510,-0.00600,0,0,-0.0740
San Mateo,2020-07-13,3.205,-2.91852,1.07980,-0.02530,3,3,-0.0671
San Mateo,2020-07-20,3.205,-2.90414,1.05310,-0.02670,3,0,-0.0432
San Mateo,2020-07-27,3.205,-2.84976,1.02060,-0.03250,3,0,-0.0392
San Mateo,2020-08-03,3.205,-2.82893,0.98190,-0.03870,7,4,-0.0450
San Mateo,2020-08-10,3.205,-2.80578,0.95150,-0.03040,7,0,-0.0267
San Mateo,2020-08-17,3.205,-2.71635,0.93510,-0.01640,7,0,-0.0039
San Mateo,2020-08-24,3.205,-2.75180,0.91390,-0.02120,7,0,0.0237
San Mateo,2020-08-31,3.205,-2.87461,0.89460,-0.01930,5,-2,0.0500
San Mateo,2020-09-07,3.205,-2.90643,0.88750,-0.00710,5,0,0.0534
San Mateo,2020-09-14,3.205,-2.88409,0.89020,0.00270,5,0,0.0519
San Mateo,2020-09-21,3.205,-2.89111,0.91470,0.02450,5,0,0.0584
San Mateo,2020-09-28,3.205,-3.01886,0.94080,0.02610,3,-2,0.0647
San Mateo,2020-10-05,3.205,-3.05219,0.96880,0.02800,3,0,0.0665
San Mateo,2020-10-12,3.205,-3.09532,0.99530,0.02650,3,0,0.0537
San Mateo,2020-10-19,3.205,-3.15443,1.02450,0.02920,3,0,0.0426
San Mateo,2020-10-26,3.205,-3.07728,1.05680,0.03230,3,0,0.0382
San Mateo,2020-11-02,3.205,-3.07592,1.09290,0.03610,2,-1,0.0311
San Mateo,2020-11-09,3.205,-2.98625,1.11550,0.02260,2,0,0.0136
San Mateo,2020-11-16,3.205,-2.83590,1.13340,0.01790,2,0,-0.0175
San Mateo,2020-11-23,3.205,-2.73758,1.14960,0.01620,3,1,-0.0523
San Mateo,2020-11-30,3.205,-2.60563,1.16400,0.01440,4,1,-0.0679
Contra Costa,2020-05-05,3.166,-3.70822,0.91620,0.00260,6,-1,0.1132
Contra Costa,2020-05-12,3.166,-3.70234,0.95950,0.04330,6,0,0.0825
Contra Costa,2020-05-19,3.166,-3.70234,1.03040,0.07090,5,-1,0.0564
Contra Costa,2020-05-26,3.166,-3.59276,1.10300,0.07260,5,0,0.0197
Contra Costa,2020-06-02,3.166,-3.55371,1.13800,0.03500,5,0,0.0024
Contra Costa,2020-06-09,3.166,-3.42636,1.18300,0.04500,2,-3,-0.0443
Contra Costa,2020-06-16,3.166,-3.33464,1.19650,0.01350,2,0,-0.1165
Contra Costa,2020-06-23,3.166,-3.21813,1.19890,0.00240,1,-1,-0.1348
Contra Costa,2020-06-30,3.166,-3.00689,1.19810,-0.00080,1,0,-0.1096
Contra Costa,2020-07-07,3.166,-2.83633,1.15290,-0.04520,3,2,-0.0667
Contra Costa,2020-07-14,3.166,-2.77395,1.07520,-0.07770,6,3,-0.0121
Contra Costa,2020-07-21,3.166,-2.78606,1.01350,-0.06170,7,1,0.0060
Contra Costa,2020-07-28,3.166,-2.69252,0.96960,-0.04390,7,0,-0.0318
Contra Costa,2020-08-04,3.166,-2.69943,0.94790,-0.02170,7,0,-0.0648
Contra Costa,2020-08-11,3.166,-2.65567,0.95880,0.01090,7,0,-0.0425
Contra Costa,2020-08-18,3.166,-2.50757,0.95900,0.00020,7,0,-0.0009
Contra Costa,2020-08-25,3.166,-2.52742,0.92430,-0.03470,7,0,0.0287
Contra Costa,2020-09-01,3.166,-2.67644,0.89280,-0.03150,5,-2,0.0377
Contra Costa,2020-09-08,3.166,-2.84952,0.88090,-0.01190,6,1,0.0299
Contra Costa,2020-09-15,3.166,-2.88808,0.89290,0.01200,5,-1,0.0523
Contra Costa,2020-09-22,3.166,-2.89107,0.91600,0.02310,4,-1,0.0972
Contra Costa,2020-09-29,3.166,-2.93536,0.93170,0.01570,3,-1,0.1023
Contra Costa,2020-10-06,3.166,-2.98394,0.94440,0.01270,3,0,0.0741
Contra Costa,2020-10-13,3.166,-3.07983,0.98910,0.04470,3,0,0.0530
Contra Costa,2020-10-20,3.166,-3.12071,1.04420,0.05510,3,0,0.0324
Contra Costa,2020-10-27,3.166,-3.05501,1.09030,0.04610,2,-1,0.0119
Contra Costa,2020-11-03,3.166,-2.98394,1.11830,0.02800,2,0,0.0093
Contra Costa,2020-11-10,3.166,-2.88185,1.14120,0.02290,3,1,0.0054
Contra Costa,2020-11-17,3.166,-2.69062,1.14710,0.00590,4,1,-0.0252
Contra Costa,2020-11-24,3.166,-2.58038,1.15550,0.00840,4,0,-0.0730
Contra Costa,2020-12-01,3.166,-2.53424,1.15600,0.00050,4,0,-0.0900
Yolo,2020-05-01,2.296,-3.69411,0.75470,-0.09670,5,0,0.2692
Yolo,2020-05-15,2.296,-4.21363,0.84660,0.08000,3,-1,0.2554
Yolo,2020-05-29,2.296,-3.88042,1.11810,0.14890,0,-3,0.0946
Yolo,2020-06-12,2.296,-3.74779,1.37360,0.13210,0,0,-0.3257
Yolo,2020-06-19,2.296,-3.36379,1.47770,0.10410,0,0,-0.2942
Yolo,2020-06-26,2.296,-3.04882,1.44670,-0.03100,0,0,-0.1683
Yolo,2020-07-03,2.296,-2.84613,1.29620,-0.15050,3,3,-0.0665
Yolo,2020-07-10,2.296,-2.72443,1.11940,-0.17680,3,0,-0.0071
Yolo,2020-07-17,2.296,-2.63915,1.01030,-0.10910,7,4,0.0204
Yolo,2020-07-24,2.296,-2.64997,0.96230,-0.04800,7,0,0.0084
Yolo,2020-07-31,2.296,-2.71479,0.94950,-0.01280,7,0,-0.0500
Yolo,2020-08-07,2.296,-2.75354,0.95750,0.00800,7,0,-0.0895
Yolo,2020-08-14,2.296,-2.66956,0.97510,0.01760,7,0,-0.0631
Yolo,2020-08-21,2.296,-2.65180,0.95850,-0.01660,7,0,-0.0120
Yolo,2020-08-28,2.296,-2.79102,0.91780,-0.04070,7,0,0.0347
Yolo,2020-09-04,2.296,-2.80775,0.87210,-0.04570,5,-2,0.0727
Yolo,2020-09-11,2.296,-2.81837,0.85310,-0.01900,5,0,0.0923
Yolo,2020-09-18,2.296,-2.95283,0.86390,0.01080,5,0,0.1065
Yolo,2020-09-25,2.296,-3.13445,0.89580,0.03190,4,-1,0.0976
Yolo,2020-10-02,2.296,-3.26688,0.93720,0.04140,3,-1,0.0628
Yolo,2020-10-09,2.296,-3.18145,0.99150,0.05430,3,0,0.0277
Yolo,2020-10-16,2.296,-3.05573,1.04140,0.04990,3,0,0.0332
Yolo,2020-10-23,2.296,-2.99514,1.08680,0.04540,3,0,0.0524
Yolo,2020-10-30,2.296,-2.96209,1.10620,0.01940,3,0,0.0287
Yolo,2020-11-06,2.296,-2.88197,1.10770,0.00150,3,0,0.0090
Yolo,2020-11-13,2.296,-2.67052,1.13930,0.03160,3,0,0.0008
Yolo,2020-11-20,2.296,-2.53031,1.16200,0.02270,4,1,-0.0584
Yolo,2020-11-27,2.296,-2.37045,1.16190,-0.00010,4,0,-0.1076
Fresno,2020-05-02,2.194,-3.48507,1.16570,-0.06110,6,0,-0.0131
Fresno,2020-05-09,2.194,-3.35707,1.12860,-0.03710,7,1,0.0320
Fresno,2020-05-16,2.194,-3.24008,1.08850,-0.04010,6,-1,0.0681
Fresno,2020-05-23,2.194,-3.23699,1.07310,-0.01540,2,-4,0.0743
Fresno,2020-05-30,2.194,-3.24634,1.08020,0.00710,1,-1,0.0441
Fresno,2020-06-06,2.194,-3.15883,1.10950,0.02930,1,0,-0.0131
Fresno,2020-06-13,2.194,-3.08224,1.14890,0.03940,0,-1,-0.0670
Fresno,2020-06-20,2.194,-2.93711,1.18220,0.03330,0,0,-0.0971
Fresno,2020-06-27,2.194,-2.70261,1.19180,0.00960,0,0,-0.1000
Fresno,2020-07-04,2.194,-2.53037,1.16590,-0.02590,3,3,-0.0893
Fresno,2020-07-11,2.194,-2.40680,1.11500,-0.05090,3,0,-0.0671
Fresno,2020-07-18,2.194,-2.40271,1.06950,-0.04550,7,4,-0.0423
Fresno,2020-07-25,2.194,-2.35585,1.02280,-0.04670,7,0,-0.0305
Fresno,2020-08-01,2.194,-2.27746,0.97980,-0.04300,7,0,-0.0321
Fresno,2020-08-08,2.194,-2.31300,0.95590,-0.02390,7,0,-0.0271
Fresno,2020-08-15,2.194,-2.30472,0.93630,-0.01960,7,0,-0.0161
Fresno,2020-08-22,2.194,-2.24320,0.92370,-0.01260,7,0,-0.0001
Fresno,2020-08-29,2.194,-2.31429,0.91130,-0.01240,7,0,0.0174
Fresno,2020-09-05,2.194,-2.46806,0.89710,-0.01420,5,-2,0.0175
Fresno,2020-09-12,2.194,-2.62482,0.89150,-0.00560,5,0,0.0137
Fresno,2020-09-19,2.194,-2.83735,0.89890,0.00740,5,0,0.0183
Fresno,2020-09-26,2.194,-2.87961,0.91100,0.01210,4,-1,0.0243
Fresno,2020-10-03,2.194,-2.87522,0.91090,-0.00010,3,-1,0.0486
Fresno,2020-10-10,2.194,-2.98360,0.92970,0.01880,3,0,0.1078
Fresno,2020-10-17,2.194,-3.01391,0.93350,0.00380,3,0,0.1667
Fresno,2020-10-24,2.194,-2.80479,0.94950,0.01600,3,0,0.1609
Fresno,2020-10-31,2.194,-2.73270,0.98860,0.03910,3,0,0.0994
Fresno,2020-11-07,2.194,-2.75730,1.05970,0.07110,3,0,0.0314
Fresno,2020-11-14,2.194,-2.64212,1.15890,0.09920,3,0,-0.0189
Fresno,2020-11-21,2.194,-2.47149,1.21700,0.05810,4,1,-0.0587
Fresno,2020-11-28,2.194,-2.36580,1.24910,0.03210,4,0,-0.0943
Madera,2020-05-02,1.849,-3.95831,1.05660,0.03650,5,0,0.1329
Madera,2020-05-09,1.849,-3.75740,1.10930,0.05270,4,-1,0.1174
Madera,2020-05-23,1.849,-3.95831,1.22140,0.06960,4,0,-0.0143
Madera,2020-05-30,1.849,-3.67025,1.28780,0.06640,1,-3,-0.0755
Madera,2020-06-06,1.849,-3.29113,1.33350,0.04570,1,0,-0.1180
Madera,2020-06-13,1.849,-3.21563,1.34160,0.00810,0,-1,-0.1146
Madera,2020-06-20,1.849,-3.00978,1.31600,-0.02560,0,0,-0.0993
Madera,2020-06-27,1.849,-2.85230,1.25580,-0.06020,0,0,-0.1103
Madera,2020-07-04,1.849,-2.76716,1.19700,-0.05880,0,0,-0.1287
Madera,2020-07-11,1.849,-2.49066,1.14210,-0.05490,3,3,-0.1000
Madera,2020-07-18,1.849,-2.38530,1.09500,-0.04710,7,4,-0.0716
Madera,2020-07-25,1.849,-2.30510,1.02820,-0.06680,7,0,-0.0578
Madera,2020-08-01,1.849,-2.27389,0.96630,-0.06190,7,0,-0.0384
Madera,2020-08-08,1.849,-2.39427,0.93080,-0.03550,7,0,-0.0201
Madera,2020-08-15,1.849,-2.24035,0.89610,-0.03470,7,0,0.0018
Madera,2020-08-22,1.849,-2.17298,0.87630,-0.01980,7,0,0.0277
Madera,2020-08-29,1.849,-2.31370,0.86010,-0.01620,7,0,0.0510
Madera,2020-09-05,1.849,-2.40059,0.85160,-0.00850,5,-2,0.0665
Madera,2020-09-12,1.849,-2.51115,0.86210,0.01050,5,0,0.0772
Madera,2020-09-19,1.849,-2.65347,0.88230,0.02020,5,0,0.0644
Madera,2020-09-26,1.849,-2.70021,0.91490,0.03260,4,-1,0.0603
Madera,2020-10-03,1.849,-2.64968,0.95910,0.04420,4,0,0.0648
Madera,2020-10-10,1.849,-2.72636,0.99230,0.03320,4,0,0.0632
Madera,2020-10-17,1.849,-2.90096,1.01580,0.02350,4,0,0.0754
Madera,2020-10-24,1.849,-2.82140,1.05830,0.04250,4,0,0.0812
Madera,2020-10-31,1.849,-2.77714,1.07930,0.02100,4,0,0.0839
Madera,2020-11-07,1.849,-2.76062,1.10900,0.02970,4,0,0.0456
Madera,2020-11-14,1.849,-2.66762,1.15700,0.04800,4,0,-0.0156
Madera,2020-11-21,1.849,-2.52131,1.19540,0.03840,4,0,-0.0553
Madera,2020-11-28,1.849,-2.39358,1.24780,0.05240,4,0,-0.0968
Riverside,2020-05-02,2.483,-3.17831,1.01220,-0.10340,8,0,0.0903
Riverside,2020-05-09,2.483,-3.17251,0.96480,-0.04740,6,-2,0.1237
Riverside,2020-05-16,2.483,-3.20943,0.96710,0.00230,6,0,0.1142
Riverside,2020-05-23,2.483,-3.20408,1.00420,0.03710,4,-2,0.0666
Riverside,2020-05-30,2.483,-3.10061,1.06060,0.05640,3,-1,0.0129
Riverside,2020-06-06,2.483,-3.00782,1.12940,0.06880,3,0,-0.0401
Riverside,2020-06-13,2.483,-2.87645,1.17590,0.04650,1,-2,-0.0740
Riverside,2020-06-20,2.483,-2.76982,1.19640,0.02050,0,-1,-0.0994
Riverside,2020-06-27,2.483,-2.65249,1.18480,-0.01160,0,0,-0.1022
Riverside,2020-07-04,2.483,-2.44807,1.14810,-0.03670,3,3,-0.0808
Riverside,2020-07-11,2.483,-2.38868,1.10860,-0.03950,3,0,-0.0755
Riverside,2020-07-18,2.483,-2.44421,1.04730,-0.06130,7,4,-0.0713
Riverside,2020-07-25,2.483,-2.41621,1.00420,-0.04310,7,0,-0.0760
Riverside,2020-08-01,2.483,-2.47037,0.96920,-0.03500,7,0,-0.0642
Riverside,2020-08-08,2.483,-2.56656,0.93240,-0.03680,7,0,-0.0230
Riverside,2020-08-15,2.483,-2.42534,0.89520,-0.03720,7,0,0.0222
Riverside,2020-08-22,2.483,-2.43850,0.85540,-0.03980,7,0,0.0608
Riverside,2020-08-29,2.483,-2.63928,0.83250,-0.02290,7,0,0.0879
Riverside,2020-09-05,2.483,-2.71830,0.83480,0.00230,5,-2,0.0894
Riverside,2020-09-12,2.483,-2.86508,0.85910,0.02430,5,0,0.0885
Riverside,2020-09-19,2.483,-2.94159,0.89850,0.03940,5,0,0.0693
Riverside,2020-09-26,2.483,-2.87993,0.94670,0.04820,3,-2,0.0570
Riverside,2020-10-03,2.483,-2.85971,0.99110,0.04440,3,0,0.0551
Riverside,2020-10-10,2.483,-2.81017,1.03310,0.04200,3,0,0.0451
Riverside,2020-10-17,2.483,-2.84695,1.05440,0.02130,3,0,0.0543
Riverside,2020-10-24,2.483,-2.77727,1.09450,0.04010,4,1,0.0484
Riverside,2020-10-31,2.483,-2.69384,1.10740,0.01290,4,0,0.0255
Riverside,2020-11-07,2.483,-2.67835,1.13430,0.02690,4,0,0.0012
Riverside,2020-11-14,2.483,-2.58453,1.16540,0.03110,4,0,-0.0314
Riverside,2020-11-21,2.483,-2.42177,1.18380,0.01840,4,0,-0.0669
Riverside,2020-11-28,2.483,-2.30795,1.18920,0.00540,4,0,-0.0801
Santa Cruz,2020-05-02,2.770,-3.91807,0.94520,0.01750,7,0,0.0481
Santa Cruz,2020-05-23,2.770,-3.72901,1.09420,0.03900,5,0,0.1052
Santa Cruz,2020-05-30,2.770,-3.63724,1.09910,0.00490,1,-4,0.1033
Santa Cruz,2020-06-06,2.770,-3.90510,1.10370,0.00460,1,0,0.0489
Santa Cruz,2020-06-13,2.770,-3.80311,1.15380,0.05010,0,-1,-0.0381
Santa Cruz,2020-06-20,2.770,-3.65843,1.20900,0.05520,0,0,-0.1068
Santa Cruz,2020-06-27,2.770,-3.46345,1.25520,0.04620,0,0,-0.1406
Santa Cruz,2020-07-04,2.770,-3.20869,1.25610,0.00090,0,0,-0.1453
Santa Cruz,2020-07-11,2.770,-3.09614,1.21190,-0.04420,0,0,-0.1196
Santa Cruz,2020-07-18,2.770,-2.93552,1.14070,-0.07120,3,3,-0.0714
Santa Cruz,2020-07-25,2.770,-2.87787,1.06870,-0.07200,3,0,-0.0429
Santa Cruz,2020-08-01,2.770,-2.85680,1.00060,-0.06810,7,4,-0.0397
Santa Cruz,2020-08-08,2.770,-2.94803,0.95640,-0.04420,7,0,-0.0220
Santa Cruz,2020-08-15,2.770,-3.00845,0.93100,-0.02540,7,0,0.0207
Santa Cruz,2020-08-22,2.770,-2.85794,0.91330,-0.01770,7,0,0.0621
Santa Cruz,2020-08-29,2.770,-2.92203,0.89310,-0.02020,7,0,0.0646
Santa Cruz,2020-09-05,2.770,-2.93965,0.89110,-0.00200,6,-1,0.0371
Santa Cruz,2020-09-12,2.770,-2.96529,0.91470,0.02360,3,-3,0.0357
Santa Cruz,2020-09-19,2.770,-2.97870,0.95600,0.04130,3,0,0.0324
Santa Cruz,2020-09-26,2.770,-2.93827,0.98080,0.02480,3,0,0.0213
Santa Cruz,2020-10-03,2.770,-2.99567,0.99210,0.01130,3,0,0.0317
Santa Cruz,2020-10-10,2.770,-3.07297,1.01180,0.01970,3,0,0.0429
Santa Cruz,2020-10-17,2.770,-3.13123,1.02740,0.01560,3,0,0.0540
Santa Cruz,2020-10-24,2.770,-3.13773,1.03370,0.00630,3,0,0.0707
Santa Cruz,2020-10-31,2.770,-3.16242,1.05860,0.02490,2,-1,0.0753
Santa Cruz,2020-11-07,2.770,-2.98021,1.07890,0.02030,2,0,0.0418
Santa Cruz,2020-11-14,2.770,-2.76264,1.10990,0.03100,3,1,0.0004
Santa Cruz,2020-11-21,2.770,-2.56442,1.15150,0.04160,4,1,-0.0438
Santa Cruz,2020-11-28,2.770,-2.40801,1.18620,0.03470,4,0,-0.0867
Shasta,2020-06-22,1.671,-3.65060,1.40000,0.01600,0,0,-0.1572
Shasta,2020-06-29,1.671,-3.46733,1.35370,-0.04630,0,0,-0.1472
Shasta,2020-07-06,1.671,-3.40140,1.27110,-0.08260,0,0,-0.1349
Shasta,2020-07-13,1.671,-3.29362,1.19060,-0.08050,3,3,-0.1085
Shasta,2020-07-20,1.671,-3.32324,1.11560,-0.07500,3,0,-0.0675
Shasta,2020-07-27,1.671,-3.17348,1.04500,-0.07060,3,0,-0.0162
Shasta,2020-08-03,1.671,-3.08239,0.98560,-0.05940,3,0,0.0383
Shasta,2020-08-10,1.671,-3.11912,0.93470,-0.05090,3,0,0.1007
Shasta,2020-08-17,1.671,-3.18077,0.92140,-0.01330,3,0,0.1303
Shasta,2020-08-24,1.671,-3.39532,0.92210,0.00070,3,0,0.1289
Shasta,2020-08-31,1.671,-3.46026,0.96460,0.04250,2,-1,0.0882
Shasta,2020-09-07,1.671,-3.55369,1.03190,0.06730,2,0,0.0074
Shasta,2020-09-14,1.671,-3.62941,1.09420,0.06230,2,0,-0.0789
Shasta,2020-09-21,1.671,-3.14545,1.15320,0.05900,2,0,-0.0887
Shasta,2020-09-28,1.671,-2.81969,1.18660,0.03340,2,0,-0.0305
Shasta,2020-10-05,1.671,-2.60041,1.15460,-0.03200,3,1,0.0111
Shasta,2020-10-12,1.671,-2.45194,1.09720,-0.05740,3,0,0.0425
Shasta,2020-10-19,1.671,-2.50061,1.07190,-0.02530,3,0,0.0400
Shasta,2020-10-26,1.671,-2.67978,1.06290,-0.00900,3,0,0.0190
Shasta,2020-11-02,1.671,-2.60041,1.08340,0.02050,3,0,0.0059
Shasta,2020-11-09,1.671,-2.38284,1.10910,0.02570,4,1,-0.0147
Shasta,2020-11-16,1.671,-2.20112,1.12130,0.01220,4,0,-0.0405
Shasta,2020-11-23,1.671,-2.08534,1.13260,0.01130,4,0,-0.0604
Shasta,2020-11-30,1.671,-2.03124,1.12810,-0.00450,4,0,-0.0486
San Joaquin,2020-05-05,2.692,-3.77347,0.94500,-0.00920,6,0,0.1905
San Joaquin,2020-05-12,2.692,-3.85983,0.99900,0.05400,5,-1,0.1295
San Joaquin,2020-05-19,2.692,-3.74256,1.09200,0.09300,4,-1,0.0316
San Joaquin,2020-05-26,2.692,-3.70754,1.19410,0.10210,1,-3,-0.0712
San Joaquin,2020-06-02,2.692,-3.42367,1.28490,0.09080,1,0,-0.1252
San Joaquin,2020-06-09,2.692,-3.12986,1.32780,0.04290,1,0,-0.1163
San Joaquin,2020-06-16,2.692,-2.97503,1.30760,-0.02020,0,-1,-0.1028
San Joaquin,2020-06-23,2.692,-2.76223,1.23610,-0.07150,0,0,-0.0919
San Joaquin,2020-06-30,2.692,-2.53617,1.18000,-0.05610,0,0,-0.0754
San Joaquin,2020-07-07,2.692,-2.37696,1.12550,-0.05450,3,3,-0.0554
San Joaquin,2020-07-14,2.692,-2.33349,1.07780,-0.04770,3,0,-0.0467
San Joaquin,2020-07-21,2.692,-2.35482,1.03330,-0.04450,7,4,-0.0407
San Joaquin,2020-07-28,2.692,-2.29081,1.00590,-0.02740,7,0,-0.0521
San Joaquin,2020-08-04,2.692,-2.35360,0.97870,-0.02720,7,0,-0.0598
San Joaquin,2020-08-11,2.692,-2.39045,0.95860,-0.02010,7,0,-0.0536
San Joaquin,2020-08-18,2.692,-2.33922,0.94150,-0.01710,7,0,-0.0361
San Joaquin,2020-08-25,2.692,-2.42927,0.90600,-0.03550,7,0,-0.0077
San Joaquin,2020-09-01,2.692,-2.46468,0.87990,-0.02610,5,-2,0.0120
San Joaquin,2020-09-08,2.692,-2.56163,0.85580,-0.02410,5,0,0.0400
San Joaquin,2020-09-15,2.692,-2.61506,0.84500,-0.01080,5,0,0.0878
San Joaquin,2020-09-22,2.692,-2.69340,0.84640,0.00140,4,-1,0.1257
San Joaquin,2020-09-29,2.692,-2.96056,0.85970,0.01330,3,-1,0.1344
San Joaquin,2020-10-06,2.692,-3.00735,0.88800,0.02830,3,0,0.1288
San Joaquin,2020-10-13,2.692,-3.18681,0.94960,0.06160,3,0,0.0929
San Joaquin,2020-10-20,2.692,-3.01164,1.01740,0.06780,3,0,0.0588
San Joaquin,2020-10-27,2.692,-2.82721,1.08290,0.06550,3,0,0.0441
San Joaquin,2020-11-03,2.692,-2.89181,1.14200,0.05910,3,0,0.0258
San Joaquin,2020-11-10,2.692,-2.82360,1.17430,0.03230,3,0,0.0043
San Joaquin,2020-11-17,2.692,-2.60311,1.20270,0.02840,4,1,-0.0483
San Joaquin,2020-11-24,2.692,-2.50881,1.21780,0.01510,4,0,-0.1007
San Joaquin,2020-12-01,2.692,-2.58268,1.23710,0.01930,4,0,-0.1041
Ventura,2020-05-05,2.650,-3.74647,1.00700,0.05090,6,0,0.0141
Ventura,2020-05-12,2.650,-3.66114,1.09010,0.08310,5,-1,0.0291
Ventura,2020-05-19,2.650,-3.52177,1.12480,0.03470,3,-2,0.0786
Ventura,2020-05-26,2.650,-3.42045,1.12390,-0.00090,1,-2,0.0929
Ventura,2020-06-02,2.650,-3.43138,1.13200,0.00810,0,-1,0.0394
Ventura,2020-06-09,2.650,-3.36960,1.16000,0.02800,0,0,-0.0704
Ventura,2020-06-16,2.650,-3.23635,1.21570,0.05570,0,0,-0.1788
Ventura,2020-06-23,2.650,-3.03677,1.25690,0.04120,0,0,-0.1783
Ventura,2020-06-30,2.650,-2.82451,1.25020,-0.00670,0,0,-0.1253
Ventura,2020-07-07,2.650,-2.68502,1.17100,-0.07920,3,3,-0.0805
Ventura,2020-07-14,2.650,-2.65554,1.06600,-0.10500,6,3,-0.0225
Ventura,2020-07-21,2.650,-2.61804,0.99710,-0.06890,7,1,0.0303
Ventura,2020-07-28,2.650,-2.58628,0.94420,-0.05290,7,0,0.0226
Ventura,2020-08-04,2.650,-2.60014,0.91530,-0.02890,7,0,-0.0220
Ventura,2020-08-11,2.650,-2.66044,0.92790,0.01260,7,0,-0.0522
Ventura,2020-08-18,2.650,-2.78033,0.95690,0.02900,7,0,-0.0345
Ventura,2020-08-25,2.650,-2.77909,0.94740,-0.00950,7,0,0.0212
Ventura,2020-09-01,2.650,-2.78969,0.92590,-0.02150,5,-2,0.0539
Ventura,2020-09-08,2.650,-2.84841,0.89350,-0.03240,5,0,0.0640
Ventura,2020-09-15,2.650,-2.91253,0.89010,-0.00340,5,0,0.0574
Ventura,2020-09-22,2.650,-2.92227,0.91780,0.02770,4,-1,0.0458
Ventura,2020-09-29,2.650,-2.96975,0.94950,0.03170,4,0,0.0542
Ventura,2020-10-06,2.650,-3.05499,0.97960,0.03010,3,-1,0.0579
Ventura,2020-10-13,2.650,-3.02251,1.00560,0.02600,3,0,0.0772
Ventura,2020-10-20,2.650,-3.07951,1.02990,0.02430,3,0,0.0778
Ventura,2020-10-27,2.650,-3.07522,1.06270,0.03280,3,0,0.0465
Ventura,2020-11-03,2.650,-3.00559,1.08800,0.02530,3,0,0.0205
Ventura,2020-11-10,2.650,-2.83559,1.13860,0.05060,3,0,-0.0093
Ventura,2020-11-17,2.650,-2.64411,1.16970,0.03110,4,1,-0.0501
Ventura,2020-11-24,2.650,-2.46412,1.18550,0.01580,4,0,-0.0852
Ventura,2020-12-01,2.650,-2.36996,1.18390,-0.00160,4,0,-0.0928
Stanislaus,2020-05-06,2.537,-3.40669,1.00780,-0.07680,6,0,0.2004
Stanislaus,2020-05-13,2.537,-3.45707,0.96640,-0.04140,2,-4,0.2428
Stanislaus,2020-05-20,2.537,-3.59219,0.98750,0.02110,1,-1,0.1836
Stanislaus,2020-05-27,2.537,-3.54993,1.06950,0.08200,0,-1,0.0690
Stanislaus,2020-06-03,2.537,-3.44111,1.19200,0.12250,0,0,-0.0422
Stanislaus,2020-06-10,2.537,-3.18983,1.31130,0.11930,0,0,-0.1372
Stanislaus,2020-06-17,2.537,-3.04227,1.36810,0.05680,0,0,-0.1728
Stanislaus,2020-06-24,2.537,-2.81140,1.37930,0.01120,0,0,-0.1721
Stanislaus,2020-07-01,2.537,-2.61497,1.31760,-0.06170,0,0,-0.1556
Stanislaus,2020-07-08,2.537,-2.37653,1.23190,-0.08570,3,3,-0.1004
Stanislaus,2020-07-15,2.537,-2.24418,1.14360,-0.08830,6,3,-0.0423
Stanislaus,2020-07-22,2.537,-2.26906,1.06020,-0.08340,7,1,-0.0215
Stanislaus,2020-07-29,2.537,-2.27239,0.98960,-0.07060,7,0,-0.0430
Stanislaus,2020-08-05,2.537,-2.35325,0.96010,-0.02950,7,0,-0.0811
Stanislaus,2020-08-12,2.537,-2.23755,0.95290,-0.00720,7,0,-0.0853
Stanislaus,2020-08-19,2.537,-2.17551,0.94130,-0.01160,7,0,-0.0544
Stanislaus,2020-08-26,2.537,-2.36832,0.90450,-0.03680,7,0,-0.0042
Stanislaus,2020-09-02,2.537,-2.43510,0.85970,-0.04480,5,-2,0.0739
Stanislaus,2020-09-09,2.537,-2.47388,0.82030,-0.03940,5,0,0.1604
Stanislaus,2020-09-16,2.537,-2.66821,0.80490,-0.01540,5,0,0.1909
Stanislaus,2020-09-23,2.537,-2.85968,0.82440,0.01950,4,-1,0.1377
Stanislaus,2020-09-30,2.537,-3.06615,0.88380,0.05940,4,0,0.0744
Stanislaus,2020-10-07,2.537,-3.15027,0.98750,0.10370,4,0,0.0396
Stanislaus,2020-10-14,2.537,-2.93792,1.07810,0.09060,3,-1,0.0242
Stanislaus,2020-10-21,2.537,-2.61697,1.12080,0.04270,3,0,0.0399
Stanislaus,2020-10-28,2.537,-2.58247,1.14670,0.02590,3,0,0.0330
Stanislaus,2020-11-04,2.537,-2.77854,1.16030,0.01360,3,0,-0.0056
Stanislaus,2020-11-11,2.537,-2.67892,1.16680,0.00650,3,0,-0.0379
Stanislaus,2020-11-18,2.537,-2.47703,1.20000,0.03320,4,1,-0.0708
Stanislaus,2020-11-25,2.537,-2.28175,1.19920,-0.00080,4,0,-0.1005
Tulare,2020-05-07,1.962,-2.94898,1.08880,-0.06940,6,0,0.0267
Tulare,2020-05-14,1.962,-2.84539,1.02320,-0.06560,5,-1,0.0740
Tulare,2020-05-21,1.962,-2.85954,0.99000,-0.03320,1,-4,0.0821
Tulare,2020-05-28,1.962,-2.92924,0.98580,-0.00420,1,0,0.0569
Tulare,2020-06-04,1.962,-2.98039,1.01980,0.03400,1,0,0.0182
Tulare,2020-06-11,1.962,-2.85545,1.05960,0.03980,1,0,-0.0331
Tulare,2020-06-18,1.962,-2.69737,1.10400,0.04440,0,-1,-0.0717
Tulare,2020-06-25,1.962,-2.59308,1.11920,0.01520,0,0,-0.0775
Tulare,2020-07-02,1.962,-2.48065,1.12130,0.00210,1,1,-0.0675
Tulare,2020-07-09,1.962,-2.39142,1.08690,-0.03440,1,0,-0.0515
Tulare,2020-07-16,1.962,-2.36960,1.04110,-0.04580,6,5,-0.0498
Tulare,2020-07-23,1.962,-2.28743,1.00610,-0.03500,7,1,-0.0425
Tulare,2020-07-30,1.962,-2.22057,0.97590,-0.03020,7,0,-0.0303
Tulare,2020-08-06,1.962,-2.27105,0.95590,-0.02000,7,0,-0.0266
Tulare,2020-08-13,1.962,-2.24566,0.92930,-0.02660,7,0,-0.0119
Tulare,2020-08-20,1.962,-2.23220,0.91440,-0.01490,7,0,0.0051
Tulare,2020-08-27,1.962,-2.37652,0.89800,-0.01640,7,0,0.0359
Tulare,2020-09-03,1.962,-2.47694,0.88410,-0.01390,5,-2,0.0626
Tulare,2020-09-10,1.962,-2.55851,0.88380,-0.00030,5,0,0.0565
Tulare,2020-09-17,1.962,-2.67710,0.89030,0.00650,5,0,0.0456
Tulare,2020-09-24,1.962,-2.73017,0.92650,0.03620,4,-1,0.0454
Tulare,2020-10-01,1.962,-2.75584,0.95860,0.03210,4,0,0.0575
Tulare,2020-10-08,1.962,-2.74729,0.98370,0.02510,4,0,0.0560
Tulare,2020-10-15,1.962,-2.78657,1.00220,0.01850,4,0,0.0646
Tulare,2020-10-22,1.962,-2.81221,1.02780,0.02560,4,0,0.0866
Tulare,2020-10-29,1.962,-2.79950,1.06420,0.03640,4,0,0.0672
Tulare,2020-11-05,1.962,-2.76787,1.08480,0.02060,4,0,0.0248
Tulare,2020-11-12,1.962,-2.68804,1.12720,0.04240,4,0,-0.0137
Tulare,2020-11-19,1.962,-2.53291,1.17010,0.04290,4,0,-0.0553
Tulare,2020-11-26,1.962,-2.40419,1.19760,0.02750,4,0,-0.0791
San Benito,2020-05-29,1.600,-3.33706,1.23350,0.05670,1,-3,-0.0088
San Benito,2020-06-05,1.600,-3.21212,1.23600,0.00250,1,0,-0.0536
San Benito,2020-06-12,1.600,-3.27706,1.23260,-0.00340,0,-1,-0.1000
San Benito,2020-06-19,1.600,-3.02024,1.23610,0.00350,0,0,-0.1197
San Benito,2020-06-26,1.600,-2.86533,1.22490,-0.01120,0,0,-0.1287
San Benito,2020-07-03,1.600,-2.77279,1.17790,-0.04700,0,0,-0.1028
San Benito,2020-07-10,1.600,-2.62854,1.11970,-0.05820,3,3,-0.0409
San Benito,2020-07-17,1.600,-2.52787,1.05430,-0.06540,7,4,0.0054
San Benito,2020-07-24,1.600,-2.50125,0.98920,-0.06510,7,0,0.0180
San Benito,2020-07-31,1.600,-2.49427,0.95900,-0.03020,7,0,-0.0172
San Benito,2020-08-07,1.600,-2.49427,0.95200,-0.00700,7,0,-0.0780
San Benito,2020-08-14,1.600,-2.48287,0.96400,0.01200,7,0,-0.0799
San Benito,2020-08-21,1.600,-2.44828,0.97430,0.01030,7,0,-0.0229
San Benito,2020-08-28,1.600,-2.41240,0.94530,-0.02900,7,0,0.0229
San Benito,2020-09-04,1.600,-2.38103,0.89050,-0.05480,5,-2,0.0392
San Benito,2020-09-11,1.600,-2.53543,0.85900,-0.03150,5,0,0.0588
San Benito,2020-09-18,1.600,-2.72703,0.87180,0.01280,5,0,0.0792
San Benito,2020-09-25,1.600,-2.69654,0.89100,0.01920,4,-1,0.1063
San Benito,2020-10-02,1.600,-2.83393,0.91260,0.02160,4,0,0.1110
San Benito,2020-10-09,1.600,-3.10567,0.95230,0.03970,4,0,0.0979
San Benito,2020-10-16,1.600,-3.18864,0.99730,0.04500,3,-1,0.0922
San Benito,2020-10-23,1.600,-3.02806,1.05970,0.06240,3,0,0.0442
San Benito,2020-10-30,1.600,-2.95551,1.10300,0.04330,3,0,-0.0073
San Benito,2020-11-06,1.600,-2.94235,1.15550,0.05250,3,0,-0.0206
San Benito,2020-11-13,1.600,-2.68924,1.19710,0.04160,3,0,-0.0272
San Benito,2020-11-20,1.600,-2.47839,1.20420,0.00710,4,1,-0.0660
San Benito,2020-11-27,1.600,-2.36018,1.18290,-0.02130,4,0,-0.0924
San Luis Obispo,2020-05-02,1.912,-3.63443,0.96570,-0.00530,5,0,0.1047
San Luis Obispo,2020-05-09,1.912,-3.75715,0.94800,-0.01770,5,0,0.1663
San Luis Obispo,2020-05-16,1.912,-3.77524,0.94770,-0.00030,5,0,0.2053
San Luis Obispo,2020-05-23,1.912,-3.79413,0.98310,0.03540,2,-3,0.1829
San Luis Obispo,2020-05-30,1.912,-4.01598,1.05970,0.07660,1,-1,0.0761
San Luis Obispo,2020-06-06,1.912,-3.91586,1.15090,0.09120,0,-1,-0.0413
San Luis Obispo,2020-06-13,1.912,-3.71495,1.26280,0.11190,0,0,-0.1326
San Luis Obispo,2020-06-20,1.912,-3.40202,1.33370,0.07090,0,0,-0.1862
San Luis Obispo,2020-06-27,1.912,-3.18252,1.33870,0.00500,0,0,-0.1815
San Luis Obispo,2020-07-04,1.912,-3.01277,1.28230,-0.05640,1,1,-0.1431
San Luis Obispo,2020-07-11,1.912,-2.84855,1.19890,-0.08340,0,-1,-0.1023
San Luis Obispo,2020-07-18,1.912,-2.71737,1.09380,-0.10510,7,7,-0.0505
San Luis Obispo,2020-07-25,1.912,-2.67283,1.01610,-0.07770,7,0,-0.0086
San Luis Obispo,2020-08-01,1.912,-2.69147,0.95700,-0.05910,7,0,0.0207
San Luis Obispo,2020-08-08,1.912,-2.67429,0.91670,-0.04030,7,0,0.0263
San Luis Obispo,2020-08-15,1.912,-2.63044,0.90940,-0.00730,7,0,0.0088
San Luis Obispo,2020-08-22,1.912,-2.68995,0.90720,-0.00220,7,0,0.0070
San Luis Obispo,2020-08-29,1.912,-2.80094,0.93970,0.03250,7,0,0.0105
San Luis Obispo,2020-09-05,1.912,-2.83562,0.93850,-0.00120,5,-2,0.0145
San Luis Obispo,2020-09-12,1.912,-2.91586,0.93960,0.00110,5,0,0.0227
San Luis Obispo,2020-09-19,1.912,-2.99098,0.94360,0.00400,5,0,0.0455
San Luis Obispo,2020-09-26,1.912,-2.93949,0.94920,0.00560,3,-2,0.0706
San Luis Obispo,2020-10-03,1.912,-2.93546,0.95640,0.00720,3,0,0.0826
San Luis Obispo,2020-10-10,1.912,-2.97313,0.97390,0.01750,3,0,0.0729
San Luis Obispo,2020-10-17,1.912,-2.97022,1.00720,0.03330,3,0,0.0541
San Luis Obispo,2020-10-24,1.912,-2.97167,1.04420,0.03700,3,0,0.0396
San Luis Obispo,2020-10-31,1.912,-2.95180,1.08840,0.04420,3,0,0.0169
San Luis Obispo,2020-11-07,1.912,-2.81691,1.11790,0.02950,3,0,0.0100
San Luis Obispo,2020-11-14,1.912,-2.57811,1.14010,0.02220,3,0,0.0102
San Luis Obispo,2020-11-21,1.912,-2.43073,1.15510,0.01500,4,1,-0.0064
San Luis Obispo,2020-11-28,1.912,-2.40952,1.15150,-0.00360,4,0,-0.0373
San Bernardino,2020-05-03,2.006,-3.37428,1.06510,-0.06360,8,0,0.0349
San Bernardino,2020-05-10,2.006,-3.24272,1.04630,-0.01880,6,-2,0.0425
San Bernardino,2020-05-17,2.006,-3.20306,1.05950,0.01320,3,-3,0.0508
San Bernardino,2020-05-24,2.006,-3.18015,1.07360,0.01410,2,-1,0.0538
San Bernardino,2020-05-31,2.006,-3.08729,1.09460,0.02100,2,0,0.0248
San Bernardino,2020-06-07,2.006,-3.10257,1.11540,0.02080,2,0,-0.0339
San Bernardino,2020-06-14,2.006,-3.00169,1.14820,0.03280,2,0,-0.0733
San Bernardino,2020-06-21,2.006,-2.83299,1.16900,0.02080,2,0,-0.0842
San Bernardino,2020-06-28,2.006,-2.70938,1.17170,0.00270,2,0,-0.0676
San Bernardino,2020-07-05,2.006,-2.56571,1.13170,-0.04000,3,1,-0.0541
San Bernardino,2020-07-12,2.006,-2.44910,1.08930,-0.04240,3,0,-0.0521
San Bernardino,2020-07-19,2.006,-2.37964,1.04630,-0.04300,7,4,-0.0429
San Bernardino,2020-07-26,2.006,-2.31705,1.02690,-0.01940,7,0,-0.0595
San Bernardino,2020-08-02,2.006,-2.36242,0.99540,-0.03150,7,0,-0.0768
San Bernardino,2020-08-09,2.006,-2.51723,0.97480,-0.02060,7,0,-0.0500
San Bernardino,2020-08-16,2.006,-2.41008,0.95370,-0.02110,7,0,-0.0003
San Bernardino,2020-08-23,2.006,-2.35703,0.91480,-0.03890,7,0,0.0509
San Bernardino,2020-08-30,2.006,-2.53828,0.87320,-0.04160,7,0,0.0768
San Bernardino,2020-09-06,2.006,-2.67116,0.86680,-0.00640,5,-2,0.0655
San Bernardino,2020-09-13,2.006,-2.80466,0.88010,0.01330,5,0,0.0531
San Bernardino,2020-09-20,2.006,-2.86225,0.92060,0.04050,5,0,0.0507
San Bernardino,2020-09-27,2.006,-2.74921,0.95650,0.03590,4,-1,0.0542
San Bernardino,2020-10-04,2.006,-2.74635,0.98690,0.03040,4,0,0.0643
San Bernardino,2020-10-11,2.006,-2.78301,1.00830,0.02140,4,0,0.0622
San Bernardino,2020-10-18,2.006,-2.79243,1.03610,0.02780,4,0,0.0427
San Bernardino,2020-10-25,2.006,-2.65960,1.06200,0.02590,4,0,0.0328
San Bernardino,2020-11-01,2.006,-2.58536,1.09760,0.03560,4,0,0.0230
San Bernardino,2020-11-08,2.006,-2.54111,1.12270,0.02510,4,0,0.0051
San Bernardino,2020-11-15,2.006,-2.37433,1.14120,0.01850,4,0,-0.0110
San Bernardino,2020-11-22,2.006,-2.12765,1.15460,0.01340,4,0,-0.0553
San Bernardino,2020-11-29,2.006,-2.05121,1.16070,0.00610,4,0,-0.0735
Santa Barbara,2020-05-03,2.190,-3.56722,1.03330,-0.00740,6,0,-0.0152
Santa Barbara,2020-05-10,2.190,-2.72367,1.04240,0.00910,4,-2,0.0839
Santa Barbara,2020-05-17,2.190,-2.66685,1.01140,-0.03100,4,0,0.1483
Santa Barbara,2020-05-24,2.190,-3.23478,0.97640,-0.03500,3,-1,0.1231
Santa Barbara,2020-05-31,2.190,-3.36310,1.00380,0.02740,1,-2,0.0405
Santa Barbara,2020-06-07,2.190,-3.25020,1.06870,0.06490,1,0,-0.0391
Santa Barbara,2020-06-14,2.190,-3.11620,1.15170,0.08300,0,-1,-0.0839
Santa Barbara,2020-06-21,2.190,-2.91160,1.18680,0.03510,0,0,-0.1065
Santa Barbara,2020-06-28,2.190,-2.72628,1.18750,0.00070,0,0,-0.1351
Santa Barbara,2020-07-05,2.190,-2.58119,1.14430,-0.04320,3,3,-0.1243
Santa Barbara,2020-07-12,2.190,-2.48443,1.09750,-0.04680,3,0,-0.0681
Santa Barbara,2020-07-19,2.190,-2.44500,1.03740,-0.06010,7,4,-0.0138
Santa Barbara,2020-07-26,2.190,-2.44309,0.96220,-0.07520,7,0,0.0147
Santa Barbara,2020-08-02,2.190,-2.51446,0.91370,-0.04850,7,0,0.0110
Santa Barbara,2020-08-09,2.190,-2.73047,0.89390,-0.01980,7,0,-0.0047
Santa Barbara,2020-08-16,2.190,-2.70539,0.89920,0.00530,7,0,-0.0079
Santa Barbara,2020-08-23,2.190,-2.65473,0.91640,0.01720,7,0,0.0015
Santa Barbara,2020-08-30,2.190,-2.79270,0.91420,-0.00220,7,0,0.0153
Santa Barbara,2020-09-06,2.190,-2.78967,0.90690,-0.00730,5,-2,0.0264
Santa Barbara,2020-09-13,2.190,-2.87555,0.90470,-0.00220,5,0,0.0487
Santa Barbara,2020-09-20,2.190,-2.98553,0.90950,0.00480,5,0,0.0709
Santa Barbara,2020-09-27,2.190,-3.02419,0.92420,0.01470,4,-1,0.0788
Santa Barbara,2020-10-04,2.190,-3.05090,0.93820,0.01400,3,-1,0.0750
Santa Barbara,2020-10-11,2.190,-3.09495,0.97380,0.03560,3,0,0.0718
Santa Barbara,2020-10-18,2.190,-3.12526,1.01390,0.04010,3,0,0.0713
Santa Barbara,2020-10-25,2.190,-3.08530,1.05190,0.03800,3,0,0.0567
Santa Barbara,2020-11-01,2.190,-3.07937,1.08510,0.03320,3,0,0.0299
Santa Barbara,2020-11-08,2.190,-3.07353,1.12660,0.04150,3,0,0.0111
Santa Barbara,2020-11-15,2.190,-2.92624,1.15690,0.03030,3,0,-0.0201
Santa Barbara,2020-11-22,2.190,-2.76160,1.18010,0.02320,4,1,-0.0719
Santa Barbara,2020-11-29,2.190,-2.64683,1.18580,0.00570,4,0,-0.1048
Nevada,2020-06-22,2.013,-3.48977,1.44280,-0.01190,0,0,-0.1574
Nevada,2020-06-29,2.013,-3.23150,1.36090,-0.08190,0,0,-0.1329
Nevada,2020-07-06,2.013,-3.19558,1.22910,-0.13180,0,0,-0.1124
Nevada,2020-07-13,2.013,-3.16885,1.14900,-0.08010,3,3,-0.0819
Nevada,2020-07-20,2.013,-3.07585,1.07920,-0.06980,3,0,-0.0417
Nevada,2020-07-27,2.013,-3.02644,1.01200,-0.06720,3,0,-0.0175
Nevada,2020-08-03,2.013,-3.06043,0.96680,-0.04520,3,0,-0.0171
Nevada,2020-08-10,2.013,-3.07064,0.93540,-0.03140,3,0,-0.0145
Nevada,2020-08-17,2.013,-3.14367,0.92550,-0.00990,3,0,-0.0039
Nevada,2020-08-24,2.013,-3.17538,0.92120,-0.00430,3,0,0.0209
Nevada,2020-08-31,2.013,-3.20959,0.90830,-0.01290,3,0,0.0337
Nevada,2020-09-07,2.013,-3.35147,0.89860,-0.00970,3,0,0.0622
Nevada,2020-09-14,2.013,-3.31368,0.90730,0.00870,3,0,0.0966
Nevada,2020-09-21,2.013,-3.23905,0.92710,0.01980,3,0,0.1011
Nevada,2020-09-28,2.013,-3.33217,0.94300,0.01590,2,-1,0.1004
Nevada,2020-10-05,2.013,-3.57995,0.99220,0.04920,2,0,0.0975
Nevada,2020-10-12,2.013,-3.53253,1.04010,0.04790,2,0,0.0946
Nevada,2020-10-19,2.013,-3.39286,1.09330,0.05320,2,0,0.0675
Nevada,2020-10-26,2.013,-3.26253,1.14160,0.04830,2,0,0.0192
Nevada,2020-11-02,2.013,-3.12569,1.18830,0.04670,2,0,-0.0162
Nevada,2020-11-09,2.013,-2.98209,1.23320,0.04490,2,0,-0.0383
Nevada,2020-11-16,2.013,-2.62018,1.26100,0.02780,2,0,-0.0723
Nevada,2020-11-23,2.013,-2.38747,1.25340,-0.00760,4,2,-0.1186
Nevada,2020-11-30,2.013,-2.34462,1.23040,-0.02300,4,0,-0.1164
Kern,2020-05-05,2.014,-3.36867,1.01890,0.00960,7,0,0.0579
Kern,2020-05-12,2.014,-3.27548,1.05850,0.03960,5,-2,0.0025
Kern,2020-05-19,2.014,-3.20429,1.09880,0.04030,5,0,-0.0574
Kern,2020-05-26,2.014,-3.19645,1.13710,0.03830,3,-2,-0.0486
Kern,2020-06-02,2.014,-3.04624,1.15860,0.02150,3,0,0.0097
Kern,2020-06-09,2.014,-2.94823,1.13300,-0.02560,0,-3,0.0660
Kern,2020-06-16,2.014,-2.91205,1.09070,-0.04230,0,0,0.0550
Kern,2020-06-23,2.014,-2.87235,1.08520,-0.00550,0,0,-0.0414
Kern,2020-06-30,2.014,-2.86360,1.10170,0.01650,0,0,-0.1219
Kern,2020-07-07,2.014,-2.76951,1.15770,0.05600,3,3,-0.1371
Kern,2020-07-14,2.014,-2.61284,1.16290,0.00520,3,0,-0.0816
Kern,2020-07-21,2.014,-2.21510,1.10840,-0.05450,3,0,-0.0323
Kern,2020-07-28,2.014,-1.89519,1.03130,-0.07710,7,4,-0.0497
Kern,2020-08-04,2.014,-1.92779,0.97100,-0.06030,7,0,-0.0711
Kern,2020-08-11,2.014,-2.09870,0.95050,-0.02050,7,0,-0.0456
Kern,2020-08-18,2.014,-2.18928,0.94080,-0.00970,7,0,-0.0030
Kern,2020-08-25,2.014,-2.39670,0.90350,-0.03730,7,0,0.0366
Kern,2020-09-01,2.014,-2.54749,0.86980,-0.03370,5,-2,0.0499
Kern,2020-09-08,2.014,-2.71804,0.85480,-0.01500,5,0,0.0489
Kern,2020-09-15,2.014,-2.78040,0.87060,0.01580,5,0,0.0664
Kern,2020-09-22,2.014,-2.78399,0.89840,0.02780,4,-1,0.0855
Kern,2020-09-29,2.014,-2.88053,0.91840,0.02000,4,0,0.0863
Kern,2020-10-06,2.014,-2.96069,0.94800,0.02960,4,0,0.0863
Kern,2020-10-13,2.014,-2.93697,0.98500,0.03700,3,-1,0.1084
Kern,2020-10-20,2.014,-2.96981,1.03400,0.04900,3,0,0.0822
Kern,2020-10-27,2.014,-2.97166,1.07520,0.04120,3,0,0.0200
Kern,2020-11-03,2.014,-2.89271,1.11970,0.04450,3,0,-0.0223
Kern,2020-11-10,2.014,-2.74438,1.18120,0.06150,3,0,-0.0368
Kern,2020-11-17,2.014,-2.55205,1.20650,0.02530,4,1,-0.0433
Kern,2020-11-24,2.014,-2.32991,1.19950,-0.00700,4,0,-0.0847
Kern,2020-12-01,2.014,-2.20564,1.17390,-0.02560,4,0,-0.0871
Monterey,2020-05-05,2.102,-3.69714,1.03510,-0.01510,7,-1,0.1217
Monterey,2020-05-12,2.102,-3.65893,1.07160,0.03650,6,-1,0.0373
Monterey,2020-05-19,2.102,-3.60323,1.15180,0.08020,3,-3,-0.0585
Monterey,2020-05-26,2.102,-3.48132,1.22770,0.07590,2,-1,-0.1062
Monterey,2020-06-02,2.102,-3.28255,1.27170,0.04400,2,0,-0.0824
Monterey,2020-06-09,2.102,-3.11291,1.25730,-0.01440,2,0,-0.0410
Monterey,2020-06-16,2.102,-2.98927,1.20610,-0.05120,0,-2,-0.0417
Monterey,2020-06-23,2.102,-2.87473,1.14980,-0.05630,0,0,-0.0737
Monterey,2020-06-30,2.102,-2.83939,1.12220,-0.02760,0,0,-0.0909
Monterey,2020-07-07,2.102,-2.68338,1.10710,-0.01510,0,0,-0.0760
Monterey,2020-07-14,2.102,-2.56002,1.07880,-0.02830,3,3,-0.0383
Monterey,2020-07-21,2.102,-2.57975,1.03650,-0.04230,3,0,-0.0088
Monterey,2020-07-28,2.102,-2.52105,0.99270,-0.04380,3,0,-0.0148
Monterey,2020-08-04,2.102,-2.43608,0.96240,-0.03030,3,0,-0.0460
Monterey,2020-08-11,2.102,-2.50504,0.95700,-0.00540,3,0,-0.0603
Monterey,2020-08-18,2.102,-2.40723,0.95370,-0.00330,3,0,-0.0206
Monterey,2020-08-25,2.102,-2.35813,0.93810,-0.01560,3,0,0.0358
Monterey,2020-09-01,2.102,-2.48867,0.90590,-0.03220,5,2,0.0621
Monterey,2020-09-08,2.102,-2.53354,0.87720,-0.02870,5,0,0.0559
Monterey,2020-09-15,2.102,-2.62763,0.88780,0.01060,5,0,0.0472
Monterey,2020-09-22,2.102,-2.64366,0.91960,0.03180,4,-1,0.0531
Monterey,2020-09-29,2.102,-2.65393,0.95170,0.03210,4,0,0.0692
Monterey,2020-10-06,2.102,-2.74013,0.97350,0.02180,4,0,0.0702
Monterey,2020-10-13,2.102,-2.79280,0.99840,0.02490,4,0,0.0575
Monterey,2020-10-20,2.102,-2.77632,1.02700,0.02860,4,0,0.0424
Monterey,2020-10-27,2.102,-2.77692,1.06850,0.04150,4,0,0.0145
Monterey,2020-11-03,2.102,-2.76275,1.09600,0.02750,4,0,-0.0032
Monterey,2020-11-10,2.102,-2.64058,1.12770,0.03170,4,0,0.0017
Monterey,2020-11-17,2.102,-2.52843,1.13730,0.00960,4,0,0.0055
Monterey,2020-11-24,2.102,-2.38090,1.13760,0.00030,4,0,-0.0249
Monterey,2020-12-01,2.102,-2.21374,1.13210,-0.00550,4,0,-0.0777
Mendocino,2020-05-06,1.400,-3.39793,1.19640,-0.04210,5,0,-0.0172
Mendocino,2020-05-27,1.400,-3.86281,1.01900,-0.01800,2,-1,0.1327
Mendocino,2020-06-17,1.400,-3.79587,1.13220,0.07040,0,-1,0.0431
Mendocino,2020-06-24,1.400,-3.38569,1.19710,0.06490,0,0,-0.0396
Mendocino,2020-07-01,1.400,-3.36221,1.23730,0.04020,0,0,-0.1588
Mendocino,2020-07-08,1.400,-3.39793,1.27510,0.03780,0,0,-0.2076
Mendocino,2020-07-15,1.400,-3.03890,1.29270,0.01760,3,3,-0.1545
Mendocino,2020-07-22,1.400,-2.86281,1.22340,-0.06930,3,0,-0.0924
Mendocino,2020-07-29,1.400,-2.83478,1.10830,-0.11510,6,3,-0.0640
Mendocino,2020-08-05,1.400,-2.83140,1.01550,-0.09280,6,0,-0.0411
Mendocino,2020-08-12,1.400,-2.64974,0.96180,-0.05370,6,0,-0.0113
Mendocino,2020-08-19,1.400,-2.59369,0.92540,-0.03640,6,0,0.0214
Mendocino,2020-08-26,1.400,-2.71928,0.89930,-0.02610,6,0,0.0497
Mendocino,2020-09-02,1.400,-2.80527,0.88760,-0.01170,5,-1,0.0505
Mendocino,2020-09-09,1.400,-2.85563,0.89090,0.00330,5,0,0.0313
Mendocino,2020-09-16,1.400,-2.93767,0.91180,0.02090,5,0,0.0148
Mendocino,2020-09-23,1.400,-2.87754,0.94230,0.03050,4,-1,0.0172
Mendocino,2020-09-30,1.400,-2.77468,0.96190,0.01960,4,0,0.0420
Mendocino,2020-10-07,1.400,-2.82472,0.96760,0.00570,4,0,0.0812
Mendocino,2020-10-14,1.400,-2.94636,0.97490,0.00730,4,0,0.1128
Mendocino,2020-10-21,1.400,-2.97351,0.98810,0.01320,4,0,0.1060
Mendocino,2020-10-28,1.400,-2.97351,1.01830,0.03020,3,-1,0.0908
Mendocino,2020-11-04,1.400,-3.06693,1.07080,0.05250,3,0,0.0498
Mendocino,2020-11-11,1.400,-3.00749,1.12960,0.05880,3,0,-0.0145
Mendocino,2020-11-18,1.400,-2.84508,1.17330,0.04370,4,1,-0.0967
Mendocino,2020-11-25,1.400,-2.55639,1.22520,0.05190,4,0,-0.1496
Amador,2020-07-03,1.807,-3.31651,1.40780,0.00500,0,0,-0.1172
Amador,2020-07-17,1.807,-3.27075,1.36810,-0.01760,3,3,-0.3132
Amador,2020-07-24,1.807,-3.04030,1.32590,-0.04220,3,0,-0.2702
Amador,2020-07-31,1.807,-2.72052,1.24150,-0.08440,3,0,-0.1417
Amador,2020-08-07,1.807,-2.60330,1.08700,-0.15450,3,0,-0.0350
Amador,2020-08-14,1.807,-2.63728,0.92790,-0.15910,3,0,0.0062
Amador,2020-08-21,1.807,-2.80093,0.82870,-0.09920,7,4,0.0203
Amador,2020-08-28,1.807,-3.15681,0.79460,-0.03410,7,0,0.0665
Amador,2020-09-04,1.807,-2.85578,0.79880,0.00420,5,-2,0.1291
Amador,2020-10-30,1.807,-3.10938,1.26610,0.05630,2,0,0.0570
Amador,2020-11-06,1.807,-2.90902,1.26770,0.00160,2,0,0.0513
Amador,2020-11-13,1.807,-2.83938,1.26970,0.00200,3,1,-0.0161
Amador,2020-11-20,1.807,-2.70846,1.29070,0.02100,3,0,-0.1406
Amador,2020-11-27,1.807,-2.58951,1.32790,0.03720,3,0,-0.2158
Imperial,2020-05-01,1.621,-2.94767,1.26590,0.00840,6,0,-0.0822
Imperial,2020-05-08,1.621,-2.83853,1.24580,-0.02010,6,0,-0.0952
Imperial,2020-05-15,1.621,-2.62372,1.22730,-0.01850,4,-2,-0.0669
Imperial,2020-05-22,1.621,-2.45377,1.18390,-0.04340,4,0,-0.0465
Imperial,2020-05-29,1.621,-2.32677,1.14160,-0.04230,2,-2,-0.0408
Imperial,2020-06-05,1.621,-2.08315,1.09500,-0.04660,2,0,-0.0211
Imperial,2020-06-12,1.621,-1.93502,1.07830,-0.01670,2,0,-0.0286
Imperial,2020-06-19,1.621,-1.93027,1.04890,-0.02940,2,0,-0.0474
Imperial,2020-06-26,1.621,-1.93006,1.03820,-0.01070,2,0,-0.0627
Imperial,2020-07-03,1.621,-1.90589,1.02620,-0.01200,4,2,-0.0622
Imperial,2020-07-10,1.621,-1.97164,1.00350,-0.02270,4,0,-0.0386
Imperial,2020-07-17,1.621,-2.10349,0.97830,-0.02520,7,3,-0.0142
Imperial,2020-07-24,1.621,-2.17310,0.94470,-0.03360,7,0,0.0029
Imperial,2020-07-31,1.621,-2.26884,0.91750,-0.02720,7,0,0.0297
Imperial,2020-08-07,1.621,-2.43431,0.90630,-0.01120,7,0,0.0398
Imperial,2020-08-14,1.621,-2.42974,0.90290,-0.00340,7,0,0.0221
Imperial,2020-08-21,1.621,-2.38770,0.90720,0.00430,7,0,0.0087
Imperial,2020-08-28,1.621,-2.47270,0.93540,0.02820,7,0,0.0010
Imperial,2020-09-04,1.621,-2.45240,0.95010,0.01470,5,-2,-0.0067
Imperial,2020-09-11,1.621,-2.49399,0.95750,0.00740,5,0,0.0039
Imperial,2020-09-18,1.621,-2.52844,0.96450,0.00700,5,0,0.0326
Imperial,2020-09-25,1.621,-2.50466,0.95210,-0.01240,4,-1,0.0665
Imperial,2020-10-02,1.621,-2.58492,0.94840,-0.00370,4,0,0.0807
Imperial,2020-10-09,1.621,-2.69407,0.96140,0.01300,4,0,0.0873
Imperial,2020-10-16,1.621,-2.64451,0.98480,0.02340,4,0,0.1000
Imperial,2020-10-23,1.621,-2.51088,1.03160,0.04680,4,0,0.0880
Imperial,2020-10-30,1.621,-2.45721,1.06620,0.03460,4,0,0.0399
Imperial,2020-11-06,1.621,-2.41131,1.11510,0.04890,4,0,-0.0166
Imperial,2020-11-13,1.621,-2.34776,1.16360,0.04850,4,0,-0.0431
Imperial,2020-11-20,1.621,-2.13394,1.20850,0.04490,4,0,-0.0468
Imperial,2020-11-27,1.621,-1.95068,1.21190,0.00340,4,0,-0.0426
Butte,2020-05-23,2.128,-4.14846,1.29610,0.05930,2,-2,0.0213
Butte,2020-05-30,2.128,-4.01016,1.29830,0.00220,0,-2,0.0627
Butte,2020-06-06,2.128,-3.86122,1.29450,-0.00380,0,0,0.0332
Butte,2020-06-20,2.128,-3.89018,1.31830,0.03580,0,0,-0.1184
Butte,2020-06-27,2.128,-3.51373,1.35260,0.03430,0,0,-0.1741
Butte,2020-07-04,2.128,-3.28070,1.34580,-0.00680,0,0,-0.1690
Butte,2020-07-11,2.128,-3.06255,1.30380,-0.04200,0,0,-0.1226
Butte,2020-07-18,2.128,-2.86122,1.21880,-0.08500,3,3,-0.0549
Butte,2020-07-25,2.128,-2.72933,1.13190,-0.08690,7,4,-0.0283
Butte,2020-08-01,2.128,-2.73037,1.05510,-0.07680,7,0,-0.0564
Butte,2020-08-08,2.128,-2.82495,1.01300,-0.04210,7,0,-0.0914
Butte,2020-08-15,2.128,-2.70618,1.00690,-0.00610,7,0,-0.0796
Butte,2020-08-22,2.128,-2.66505,0.98460,-0.02230,7,0,-0.0340
Butte,2020-08-29,2.128,-2.65188,0.94450,-0.04010,7,0,0.0005
Butte,2020-09-05,2.128,-2.48043,0.89250,-0.05200,5,-2,0.0315
Butte,2020-09-12,2.128,-2.49585,0.86720,-0.02530,5,0,0.0546
Butte,2020-09-19,2.128,-2.73874,0.85220,-0.01500,5,0,0.0913
Butte,2020-09-26,2.128,-3.02217,0.87100,0.01880,4,-1,0.1270
Butte,2020-10-03,2.128,-3.20336,0.89430,0.02330,3,-1,0.1325
Butte,2020-10-10,2.128,-3.21586,0.92830,0.03400,3,0,0.1093
Butte,2020-10-17,2.128,-3.25567,0.98860,0.06030,3,0,0.0572
Butte,2020-10-24,2.128,-3.33974,1.05490,0.06630,2,-1,0.0183
Butte,2020-10-31,2.128,-3.15946,1.11940,0.06450,2,0,0.0006
Butte,2020-11-07,2.128,-3.06255,1.16330,0.04390,2,0,-0.0087
Butte,2020-11-14,2.128,-2.96877,1.17300,0.00970,2,0,-0.0151
Butte,2020-11-21,2.128,-2.78438,1.18260,0.00960,4,2,-0.0390
Butte,2020-11-28,2.128,-2.66062,1.17870,-0.00390,4,0,-0.0750
El Dorado,2020-05-16,2.025,-4.03676,1.07680,0.03020,2,-3,0.0184
El Dorado,2020-05-23,2.025,-3.96618,1.10650,0.02970,2,0,0.0755
El Dorado,2020-05-30,2.025,-3.85223,1.12650,0.02000,1,-1,0.1328
El Dorado,2020-06-06,2.025,-3.76206,1.12310,-0.00340,1,0,0.0942
El Dorado,2020-06-20,2.025,-3.88700,1.20780,0.06510,0,0,-0.1072
El Dorado,2020-06-27,2.025,-3.60445,1.27430,0.06650,0,0,-0.1669
El Dorado,2020-07-04,2.025,-3.28494,1.29850,0.02420,0,0,-0.1762
El Dorado,2020-07-11,2.025,-3.09695,1.26220,-0.03630,0,0,-0.1542
El Dorado,2020-07-18,2.025,-3.04190,1.18470,-0.07750,3,3,-0.1029
El Dorado,2020-07-25,2.025,-2.94706,1.09450,-0.09020,3,0,-0.0619
El Dorado,2020-08-01,2.025,-2.88160,1.00750,-0.08700,3,0,-0.0315
El Dorado,2020-08-08,2.025,-2.93883,0.94080,-0.06670,3,0,0.0050
El Dorado,2020-08-15,2.025,-2.98845,0.90890,-0.03190,3,0,0.0390
El Dorado,2020-08-22,2.025,-3.04449,0.88210,-0.02680,3,0,0.0636
El Dorado,2020-08-29,2.025,-3.17379,0.87700,-0.00510,3,0,0.0835
El Dorado,2020-09-05,2.025,-3.24602,0.88950,0.01250,3,0,0.0555
El Dorado,2020-09-12,2.025,-3.35872,0.92150,0.03200,3,0,0.0081
El Dorado,2020-09-19,2.025,-3.46787,0.95630,0.03480,3,0,0.0131
El Dorado,2020-09-26,2.025,-3.38072,0.99850,0.04220,2,-1,0.0481
El Dorado,2020-10-03,2.025,-3.25017,1.01520,0.01670,2,0,0.0942
El Dorado,2020-10-10,2.025,-3.17030,1.00410,-0.01110,2,0,0.1106
El Dorado,2020-10-17,2.025,-3.24602,1.02300,0.01890,2,0,0.0752
El Dorado,2020-10-24,2.025,-3.38639,1.06090,0.03790,2,0,0.0298
El Dorado,2020-10-31,2.025,-3.21413,1.11880,0.05790,2,0,-0.0038
El Dorado,2020-11-07,2.025,-3.04972,1.16950,0.05070,2,0,-0.0209
El Dorado,2020-11-14,2.025,-2.91502,1.18990,0.02040,3,1,-0.0269
El Dorado,2020-11-21,2.025,-2.67281,1.19420,0.00430,4,1,-0.0595
El Dorado,2020-11-28,2.025,-2.46994,1.18170,-0.01250,4,0,-0.0875
Siskiyou,2020-07-11,0.857,-3.49266,1.17310,-0.00940,0,0,-0.0980
Siskiyou,2020-07-25,0.857,-3.33776,1.12650,-0.03510,3,0,-0.1121
Siskiyou,2020-08-01,0.857,-3.17639,1.08640,-0.04010,3,0,-0.0777
Siskiyou,2020-08-08,0.857,-3.13364,1.02840,-0.05800,3,0,-0.0311
Siskiyou,2020-08-15,0.857,-3.05901,0.96810,-0.06030,3,0,-0.0051
Siskiyou,2020-08-22,0.857,-3.16167,0.91520,-0.05290,3,0,0.0236
Siskiyou,2020-09-05,0.857,-3.31657,0.88830,-0.00100,2,-1,0.0977
Siskiyou,2020-09-12,0.857,-3.20742,0.89160,0.00330,2,0,0.1245
Siskiyou,2020-10-10,0.857,-3.49266,1.08340,0.06940,1,-1,0.0533
Siskiyou,2020-10-31,0.857,-2.88291,1.26020,0.04020,1,0,-0.0820
Siskiyou,2020-11-07,0.857,-2.64315,1.26770,0.00750,1,0,-0.0823
Siskiyou,2020-11-14,0.857,-2.52152,1.23970,-0.02800,2,1,-0.0613
Siskiyou,2020-11-21,0.857,-2.33129,1.20350,-0.03620,4,2,-0.0573
Siskiyou,2020-11-28,0.857,-2.23739,1.15990,-0.04360,4,0,-0.0539
Yuba,2020-06-27,2.058,-3.45802,1.53710,0.07300,0,0,-0.2647
Yuba,2020-07-04,2.058,-2.98090,1.53900,0.00190,0,0,-0.2262
Yuba,2020-07-11,2.058,-2.75572,1.43870,-0.10030,0,0,-0.1938
Yuba,2020-07-18,2.058,-2.73627,1.29670,-0.14200,7,7,-0.1565
Yuba,2020-07-25,2.058,-2.61772,1.17520,-0.12150,7,0,-0.1073
Yuba,2020-08-01,2.058,-2.51506,1.07850,-0.09670,7,0,-0.0627
Yuba,2020-08-08,2.058,-2.51506,0.98290,-0.09560,7,0,-0.0245
Yuba,2020-08-15,2.058,-2.43683,0.91970,-0.06320,7,0,-0.0008
Yuba,2020-08-22,2.058,-2.48561,0.88250,-0.03720,7,0,0.0148
Yuba,2020-08-29,2.058,-2.69402,0.86170,-0.02080,7,0,0.0289
Yuba,2020-09-05,2.058,-2.69690,0.85450,-0.00720,5,-2,0.0490
Yuba,2020-09-12,2.058,-2.70273,0.86260,0.00810,5,0,0.0624
Yuba,2020-09-19,2.058,-2.77957,0.87480,0.01220,5,0,0.0748
Yuba,2020-09-26,2.058,-2.89072,0.89250,0.01770,4,-1,0.1022
Yuba,2020-10-03,2.058,-3.02790,0.92510,0.03260,4,0,0.1259
Yuba,2020-10-10,2.058,-3.00376,0.95520,0.03010,3,-1,0.1402
Yuba,2020-10-17,2.058,-3.06008,0.99860,0.04340,3,0,0.1137
Yuba,2020-10-24,2.058,-3.05345,1.05510,0.05650,3,0,0.0498
Yuba,2020-10-31,2.058,-2.87299,1.12630,0.07120,3,0,-0.0090
Yuba,2020-11-07,2.058,-2.72378,1.20050,0.07420,3,0,-0.0485
Yuba,2020-11-14,2.058,-2.58074,1.24360,0.04310,3,0,-0.0731
Yuba,2020-11-21,2.058,-2.39878,1.24670,0.00310,4,1,-0.1000
Yuba,2020-11-28,2.058,-2.18547,1.22310,-0.02360,4,0,-0.1064
Calaveras,2020-07-07,1.650,-3.14861,1.19520,-0.04530,0,0,-0.0770
Calaveras,2020-07-14,1.650,-3.02029,1.12330,-0.07190,3,3,-0.0298
Calaveras,2020-07-21,1.650,-3.13525,1.05160,-0.07170,3,0,-0.0095
Calaveras,2020-07-28,1.650,-3.13525,0.99890,-0.05270,3,0,-0.0108
Calaveras,2020-08-04,1.650,-3.03051,0.97500,-0.02390,3,0,-0.0254
Calaveras,2020-08-11,1.650,-2.92949,0.96800,-0.00700,3,0,-0.0548
Calaveras,2020-08-18,1.650,-3.00055,0.97090,0.00290,3,0,-0.0625
Calaveras,2020-08-25,1.650,-2.86137,0.96000,-0.01090,7,4,-0.0334
Calaveras,2020-09-01,1.650,-2.77295,0.94320,-0.01680,3,-4,-0.0012
Calaveras,2020-09-08,1.650,-2.85442,0.90660,-0.03660,3,0,0.0394
Calaveras,2020-09-15,1.650,-2.97252,0.88050,-0.02610,3,0,0.0741
Calaveras,2020-11-03,1.650,-3.31134,1.17770,0.07680,1,0,0.0151
Calaveras,2020-11-10,1.650,-3.23879,1.24220,0.06450,1,0,-0.0767
Calaveras,2020-11-17,1.650,-3.04098,1.30300,0.06080,2,1,-0.1278
Calaveras,2020-11-24,1.650,-2.76727,1.33520,0.03220,3,1,-0.1263
Calaveras,2020-12-01,1.650,-2.67149,1.31150,-0.02370,4,1,-0.1109
Merced,2020-05-05,2.121,-3.69475,1.05300,0.01240,6,0,0.0846
Merced,2020-05-12,2.121,-3.64182,1.06490,0.01190,5,-1,0.0918
Merced,2020-05-19,2.121,-3.54633,1.10170,0.03680,5,0,0.0928
Merced,2020-05-26,2.121,-3.44487,1.13740,0.03570,5,0,0.0664
Merced,2020-06-02,2.121,-3.49265,1.18250,0.04510,5,0,0.0192
Merced,2020-06-09,2.121,-3.43151,1.23380,0.05130,3,-2,-0.0443
Merced,2020-06-16,2.121,-3.21763,1.27370,0.03990,2,-1,-0.0970
Merced,2020-06-23,2.121,-2.89823,1.30010,0.02640,1,-1,-0.1196
Merced,2020-06-30,2.121,-2.84965,1.29230,-0.00780,1,0,-0.1256
Merced,2020-07-07,2.121,-2.46667,1.24740,-0.04490,3,2,-0.1202
Merced,2020-07-14,2.121,-2.30166,1.19550,-0.05190,3,0,-0.1022
Merced,2020-07-21,2.121,-2.35160,1.12690,-0.06860,7,4,-0.0948
Merced,2020-07-28,2.121,-2.22849,1.06380,-0.06310,7,0,-0.0827
Merced,2020-08-04,2.121,-2.17917,1.00830,-0.05550,7,0,-0.0601
Merced,2020-08-11,2.121,-2.05811,0.96330,-0.04500,7,0,-0.0415
Merced,2020-08-18,2.121,-2.01418,0.91260,-0.05070,7,0,-0.0093
Merced,2020-08-25,2.121,-2.22629,0.88120,-0.03140,7,0,0.0123
Merced,2020-09-01,2.121,-2.46810,0.84940,-0.03180,5,-2,0.0374
Merced,2020-09-08,2.121,-2.56681,0.84300,-0.00640,5,0,0.0619
Merced,2020-09-15,2.121,-2.67587,0.84760,0.00460,5,0,0.0829
Merced,2020-09-22,2.121,-2.83831,0.85750,0.00990,4,-1,0.1148
Merced,2020-09-29,2.121,-2.92746,0.88450,0.02700,4,0,0.1333
Merced,2020-10-06,2.121,-2.96926,0.92020,0.03570,3,-1,0.1271
Merced,2020-10-13,2.121,-2.94427,0.97270,0.05250,3,0,0.1053
Merced,2020-10-20,2.121,-2.95585,1.03760,0.06490,3,0,0.0594
Merced,2020-10-27,2.121,-2.94001,1.10180,0.06420,3,0,0.0088
Merced,2020-11-03,2.121,-2.79066,1.16230,0.06050,3,0,-0.0274
Merced,2020-11-10,2.121,-2.63405,1.20730,0.04500,3,0,-0.0488
Merced,2020-11-17,2.121,-2.50132,1.23320,0.02590,4,1,-0.0539
Merced,2020-11-24,2.121,-2.32437,1.21500,-0.01820,4,0,-0.0744
Merced,2020-12-01,2.121,-2.21790,1.18860,-0.02640,4,0,-0.0770
Mono,2020-07-21,0.672,-2.59162,1.26510,-0.12090,3,0,-0.2036
Mono,2020-07-28,0.672,-2.33501,1.07450,-0.19060,7,4,-0.0725
Mono,2020-08-04,0.672,-2.36259,0.89350,-0.18100,8,1,0.0229
Mono,2020-08-11,0.672,-2.53514,0.75880,-0.13470,8,0,0.0881
Mono,2020-11-03,0.672,-2.35553,1.40350,0.01580,2,0,-0.0948
Mono,2020-11-10,0.672,-1.91747,1.34420,-0.05930,2,0,-0.0261
Mono,2020-11-17,0.672,-1.73968,1.23460,-0.10960,3,1,-0.0253
Mono,2020-11-24,0.672,-1.95202,1.15560,-0.07900,3,0,-0.0650
Mono,2020-12-01,0.672,-2.39205,1.14920,-0.00640,4,1,-0.1034
Inyo,2020-08-05,0.255,-2.93773,1.19720,-0.01090,3,0,-0.1738
Inyo,2020-08-12,0.255,-2.52756,1.14970,-0.04750,3,0,-0.0817
Inyo,2020-08-19,0.255,-2.44704,1.03860,-0.11110,7,4,-0.0040
Inyo,2020-08-26,0.255,-2.58785,0.93610,-0.10250,7,0,0.0541
Inyo,2020-09-02,0.255,-2.58785,0.87010,-0.06600,5,-2,0.1002
Inyo,2020-09-30,0.255,-3.18077,0.97180,0.05210,3,0,0.0131
Inyo,2020-10-07,0.255,-2.93773,1.02510,0.05330,2,-1,-0.0016
Inyo,2020-10-21,0.255,-2.95892,1.05890,0.01010,2,0,0.0418
Inyo,2020-10-28,0.255,-2.87974,1.05840,-0.00050,2,0,0.0938
Inyo,2020-11-04,0.255,-2.84498,1.05850,0.00010,2,0,0.1222
Inyo,2020-11-18,0.255,-2.98120,1.10340,0.03740,2,0,0.0175
Inyo,2020-11-25,0.255,-2.78283,1.16730,0.06390,2,0,-0.0757
Sutter,2020-06-10,2.197,-3.58244,1.41030,0.08620,0,0,-0.1091
Sutter,2020-06-17,2.197,-3.33693,1.45080,0.04050,0,0,-0.1569
Sutter,2020-06-24,2.197,-3.20223,1.44030,-0.01050,0,0,-0.1845
Sutter,2020-07-01,2.197,-2.95919,1.39740,-0.04290,0,0,-0.1766
Sutter,2020-07-08,2.197,-2.68812,1.33160,-0.06580,0,0,-0.1258
Sutter,2020-07-15,2.197,-2.57045,1.23620,-0.09540,6,6,-0.0862
Sutter,2020-07-22,2.197,-2.59299,1.14450,-0.09170,7,1,-0.0914
Sutter,2020-07-29,2.197,-2.53790,1.06320,-0.08130,7,0,-0.0939
Sutter,2020-08-05,2.197,-2.48345,1.02440,-0.03880,7,0,-0.0874
Sutter,2020-08-12,2.197,-2.48902,0.97920,-0.04520,7,0,-0.0567
Sutter,2020-08-19,2.197,-2.49608,0.93050,-0.04870,7,0,-0.0186
Sutter,2020-08-26,2.197,-2.52706,0.88190,-0.04860,7,0,0.0085
Sutter,2020-09-02,2.197,-2.56042,0.84450,-0.03740,5,-2,0.0380
Sutter,2020-09-09,2.197,-2.66863,0.82970,-0.01480,5,0,0.0710
Sutter,2020-09-16,2.197,-2.74485,0.82560,-0.00410,5,0,0.1093
Sutter,2020-09-23,2.197,-2.77898,0.83860,0.01300,4,-1,0.1505
Sutter,2020-09-30,2.197,-2.95919,0.86880,0.03020,4,0,0.1951
Sutter,2020-10-07,2.197,-3.07190,0.91170,0.04290,4,0,0.2000
Sutter,2020-10-14,2.197,-3.20953,0.98150,0.06980,3,-1,0.1551
Sutter,2020-10-21,2.197,-3.20223,1.06550,0.08400,3,0,0.0772
Sutter,2020-10-28,2.197,-2.96335,1.18230,0.11680,3,0,-0.0203
Sutter,2020-11-04,2.197,-2.85328,1.26440,0.08210,3,0,-0.1002
Sutter,2020-11-11,2.197,-2.67935,1.32990,0.06550,3,0,-0.1249
Sutter,2020-11-18,2.197,-2.23453,1.34640,0.01650,4,1,-0.1116
Sutter,2020-11-25,2.197,-1.95713,1.29910,-0.04730,4,0,-0.1211
Colusa,2020-06-26,1.270,-3.33201,1.58840,0.06100,0,0,-0.3578
Colusa,2020-07-03,1.270,-2.53267,1.55390,-0.03450,0,0,-0.2548
Colusa,2020-07-10,1.270,-2.34974,1.38490,-0.16900,3,3,-0.1620
Colusa,2020-07-17,1.270,-2.31918,1.17610,-0.20880,7,4,-0.0625
Colusa,2020-07-24,1.270,-2.15592,1.03310,-0.14300,7,0,-0.0003
Colusa,2020-07-31,1.270,-2.15592,0.93050,-0.10260,7,0,0.0218
Colusa,2020-08-07,1.270,-2.33638,0.87680,-0.05370,7,0,0.0187
Colusa,2020-08-14,1.270,-2.39752,0.86740,-0.00940,7,0,0.0034
Colusa,2020-08-21,1.270,-2.57614,0.87830,0.01090,7,0,-0.0114
Colusa,2020-08-28,1.270,-2.82686,0.89510,0.01680,7,0,-0.0173
Colusa,2020-09-04,1.270,-2.62444,0.89420,-0.00090,5,-2,-0.0085
Colusa,2020-09-11,1.270,-2.65077,0.89910,0.00490,5,0,0.0103
Colusa,2020-09-18,1.270,-2.74095,0.88310,-0.01600,5,0,0.0612
Colusa,2020-09-25,1.270,-2.72995,0.87840,-0.00470,4,-1,0.1304
Colusa,2020-11-06,1.270,-2.84065,1.21340,0.09750,2,-1,-0.0415
Colusa,2020-11-13,1.270,-2.70876,1.27700,0.06360,2,0,-0.0918
Colusa,2020-11-20,1.270,-2.56859,1.29610,0.01910,3,1,-0.1315
Colusa,2020-11-27,1.270,-2.35429,1.28380,-0.01230,4,1,-0.1558
Kings,2020-05-01,2.042,-3.16378,1.52320,-0.03290,6,0,-0.1499
Kings,2020-05-08,2.042,-2.83816,1.39910,-0.12410,4,-2,-0.0379
Kings,2020-05-15,2.042,-2.78042,1.24870,-0.15040,4,0,-0.0051
Kings,2020-05-22,2.042,-2.79460,1.14130,-0.10740,2,-2,-0.0174
Kings,2020-05-29,2.042,-2.64259,1.11000,-0.03130,0,-2,-0.0326
Kings,2020-06-05,2.042,-2.20073,1.11080,0.00080,0,0,-0.0295
Kings,2020-06-12,2.042,-2.17230,1.10500,-0.00580,0,0,-0.0219
Kings,2020-06-19,2.042,-2.39487,1.08720,-0.01780,0,0,-0.0353
Kings,2020-06-26,2.042,-2.41771,1.07340,-0.01380,0,0,-0.0584
Kings,2020-07-03,2.042,-2.44182,1.06220,-0.01120,3,3,-0.0643
Kings,2020-07-10,2.042,-2.39847,1.05720,-0.00500,4,1,-0.0437
Kings,2020-07-17,2.042,-2.39200,1.02120,-0.03600,7,3,0.0157
Kings,2020-07-24,2.042,-2.23760,0.99150,-0.02970,7,0,0.0384
Kings,2020-07-31,2.042,-2.10806,0.95900,-0.03250,7,0,-0.0104
Kings,2020-08-07,2.042,-2.34030,0.94460,-0.01440,7,0,-0.0593
Kings,2020-08-14,2.042,-2.20814,0.98050,0.03590,7,0,-0.0838
Kings,2020-08-21,2.042,-2.07971,0.99000,0.00950,7,0,-0.0674
Kings,2020-08-28,2.042,-2.27735,0.96580,-0.02420,7,0,-0.0294
Kings,2020-09-04,2.042,-2.18318,0.92330,-0.04250,5,-2,0.0090
Kings,2020-09-11,2.042,-2.20534,0.88210,-0.04120,5,0,0.0624
Kings,2020-09-18,2.042,-2.41319,0.85910,-0.02300,5,0,0.1211
Kings,2020-09-25,2.042,-2.39415,0.84900,-0.01010,4,-1,0.1609
Kings,2020-10-02,2.042,-2.55337,0.87240,0.02340,4,0,0.1906
Kings,2020-10-09,2.042,-2.64899,0.92190,0.04950,4,0,0.1673
Kings,2020-10-16,2.042,-2.52729,0.99730,0.07540,3,-1,0.0657
Kings,2020-10-23,2.042,-2.83618,1.08420,0.08690,3,0,-0.0207
Kings,2020-10-30,2.042,-2.61077,1.18760,0.10340,3,0,-0.0476
Kings,2020-11-06,2.042,-2.36706,1.24520,0.05760,3,0,-0.0660
Kings,2020-11-13,2.042,-2.23710,1.24880,0.00360,3,0,-0.0671
Kings,2020-11-20,2.042,-2.14481,1.22300,-0.02580,4,1,-0.0683
Kings,2020-11-27,2.042,-2.05770,1.19570,-0.02730,4,0,-0.0920
Glenn,2020-06-20,1.330,-3.06594,1.31790,0.00190,0,0,-0.1253
Glenn,2020-06-27,1.330,-2.64681,1.29210,-0.02580,0,0,-0.1458
Glenn,2020-07-04,1.330,-2.54306,1.23520,-0.05690,3,3,-0.1575
Glenn,2020-07-11,1.330,-2.60105,1.16820,-0.06700,3,0,-0.1147
Glenn,2020-07-18,1.330,-2.53766,1.10850,-0.05970,7,4,-0.0585
Glenn,2020-07-25,1.330,-2.47302,1.02170,-0.08680,7,0,-0.0172
Glenn,2020-08-01,1.330,-2.44183,0.94830,-0.07340,7,0,0.0101
Glenn,2020-08-08,1.330,-2.50167,0.91050,-0.03780,7,0,0.0307
Glenn,2020-08-15,1.330,-2.48711,0.89470,-0.01580,7,0,0.0368
Glenn,2020-08-22,1.330,-2.54852,0.89220,-0.00250,7,0,0.0137
Glenn,2020-08-29,1.330,-2.91467,0.90800,0.01580,7,0,-0.0045
Glenn,2020-09-05,1.330,-2.79294,0.92610,0.01810,5,-2,0.0079
Glenn,2020-09-12,1.330,-2.51165,0.94330,0.01720,5,0,0.0267
Glenn,2020-09-19,1.330,-2.55405,0.93810,-0.00520,5,0,0.0543
Glenn,2020-09-26,1.330,-2.70579,0.93480,-0.00330,4,-1,0.0698
Glenn,2020-10-03,1.330,-2.72187,0.94690,0.01210,4,0,0.0775
Glenn,2020-10-10,1.330,-2.77405,0.96580,0.01890,4,0,0.0856
Glenn,2020-10-17,1.330,-2.86637,1.00220,0.03640,4,0,0.0888
Glenn,2020-10-24,1.330,-3.01478,1.03560,0.03340,4,0,0.0746
Glenn,2020-10-31,1.330,-2.82290,1.08490,0.04930,3,-1,0.0298
Glenn,2020-11-07,1.330,-2.64681,1.12120,0.03630,3,0,-0.0122
Glenn,2020-11-14,1.330,-2.53766,1.17070,0.04950,3,0,-0.0336
Glenn,2020-11-21,1.330,-2.37060,1.19650,0.02580,4,1,-0.0660
Glenn,2020-11-28,1.330,-2.31261,1.20370,0.00720,4,0,-0.1088
Tuolumne,2020-06-28,1.396,-3.61764,1.41440,-0.00090,0,0,-0.2056
Tuolumne,2020-07-05,1.396,-3.21307,1.34570,-0.06870,0,0,-0.1731
Tuolumne,2020-07-12,1.396,-3.02401,1.21910,-0.12660,0,0,-0.1248
Tuolumne,2020-07-19,1.396,-3.10833,1.10230,-0.11680,3,3,-0.0446
Tuolumne,2020-07-26,1.396,-3.00730,1.01460,-0.08770,3,0,0.0005
Tuolumne,2020-08-02,1.396,-2.98339,0.93100,-0.08360,3,0,0.0075
Tuolumne,2020-08-09,1.396,-3.31661,0.89890,-0.03210,3,0,0.0043
Tuolumne,2020-08-23,1.396,-3.43055,0.90260,0.01050,3,0,0.0161
Tuolumne,2020-09-06,1.396,-3.38916,0.90380,0.00470,2,-1,0.0975
Tuolumne,2020-09-13,1.396,-3.22643,0.90300,-0.00080,2,0,0.1372
Tuolumne,2020-10-18,1.396,-3.45283,1.19650,0.09500,2,0,0.0311
Tuolumne,2020-10-25,1.396,-3.22643,1.26790,0.07140,2,0,-0.0286
Tuolumne,2020-11-01,1.396,-3.10833,1.31350,0.04560,2,0,-0.0964
Tuolumne,2020-11-08,1.396,-2.95343,1.33890,0.02540,2,0,-0.1263
Tuolumne,2020-11-15,1.396,-2.29861,1.33470,-0.00420,2,0,-0.1177
Tuolumne,2020-11-22,1.396,-2.07357,1.31230,-0.02240,4,2,-0.1322
Tuolumne,2020-11-29,1.396,-2.05672,1.23380,-0.07850,4,0,-0.1344
Alpine,2020-11-23,0.204,-1.53620,1.24340,-0.10900,1,0,-0.1570
Plumas,2020-10-27,0.892,-3.19322,1.25480,0.04720,1,0,-0.0607
Plumas,2020-11-03,0.892,-2.74092,1.26620,0.01140,1,0,-0.0502
Plumas,2020-11-10,0.892,-2.68133,1.25460,-0.01160,2,1,-0.0272
Plumas,2020-11-17,0.892,-2.65961,1.21880,-0.03580,3,1,-0.0561
Plumas,2020-11-24,0.892,-2.42730,1.19080,-0.02800,3,0,-0.0959
Plumas,2020-12-01,0.892,-2.45949,1.17470,-0.01610,4,1,-0.0954
Del Norte,2020-05-21,1.453,-3.20797,1.20090,-0.04670,3,-3,-0.0588
Del Norte,2020-05-28,1.453,-2.83636,1.10030,-0.10060,2,-1,0.0563
Del Norte,2020-07-23,1.453,-3.02344,1.11220,-0.01870,3,0,-0.0855
Del Norte,2020-10-08,1.453,-2.99126,1.04530,0.02750,2,0,0.0952
Del Norte,2020-11-05,1.453,-3.07669,1.15510,0.06260,2,0,-0.0070
Del Norte,2020-11-19,1.453,-2.84735,1.24830,0.04110,3,1,-0.0988
Del Norte,2020-11-26,1.453,-2.42558,1.26400,0.01570,4,1,-0.1239
Tehama,2020-06-19,1.332,-3.43931,1.47090,-0.00550,0,0,-0.1639
Tehama,2020-06-26,1.332,-3.11084,1.36550,-0.10540,0,0,-0.0580
Tehama,2020-07-03,1.332,-3.06068,1.21880,-0.14670,0,0,-0.0107
Tehama,2020-07-10,1.332,-3.16757,1.11080,-0.10800,0,0,-0.0114
Tehama,2020-07-17,1.332,-3.19898,1.06360,-0.04720,3,3,-0.0259
Tehama,2020-07-24,1.332,-3.05285,1.05530,-0.00830,3,0,-0.0519
Tehama,2020-07-31,1.332,-2.88723,1.05540,0.00010,3,0,-0.0844
Tehama,2020-08-07,1.332,-2.93772,1.04790,-0.00750,3,0,-0.0907
Tehama,2020-08-14,1.332,-2.82791,1.02560,-0.02230,3,0,-0.0458
Tehama,2020-08-21,1.332,-2.72549,0.99020,-0.03540,3,0,0.0180
Tehama,2020-08-28,1.332,-2.81877,0.94220,-0.04800,6,3,0.0555
Tehama,2020-09-04,1.332,-2.86654,0.90020,-0.04200,5,-1,0.0641
Tehama,2020-09-11,1.332,-2.96853,0.89700,-0.00320,5,0,0.0496
Tehama,2020-09-18,1.332,-3.09347,0.92240,0.02540,3,-2,0.0429
Tehama,2020-09-25,1.332,-2.93181,0.95480,0.03240,3,0,0.0566
Tehama,2020-10-02,1.332,-2.72549,0.98860,0.03380,3,0,0.0583
Tehama,2020-10-09,1.332,-2.66750,1.00690,0.01830,4,1,0.0445
Tehama,2020-10-16,1.332,-2.72186,1.03150,0.02460,4,0,0.0492
Tehama,2020-10-23,1.332,-2.55553,1.06530,0.03380,4,0,0.0551
Tehama,2020-10-30,1.332,-2.50219,1.08840,0.02310,4,0,0.0360
Tehama,2020-11-06,1.332,-2.58885,1.10660,0.01820,4,0,0.0136
Tehama,2020-11-13,1.332,-2.51774,1.14080,0.03420,4,0,-0.0141
Tehama,2020-11-20,1.332,-2.24716,1.16260,0.02180,4,0,-0.0703
Tehama,2020-11-27,1.332,-2.10643,1.17370,0.01110,4,0,-0.1033
Lake,2020-06-29,1.712,-3.42661,1.27470,0.04220,0,0,-0.1460
Lake,2020-07-06,1.712,-3.02867,1.23980,-0.03490,0,0,-0.0669
Lake,2020-07-13,1.712,-3.00748,1.15400,-0.08580,3,3,-0.0033
Lake,2020-07-20,1.712,-3.06646,1.05640,-0.09760,3,0,0.0240
Lake,2020-07-27,1.712,-3.07443,1.01150,-0.04490,3,0,-0.0071
Lake,2020-08-03,1.712,-3.10785,0.98730,-0.02420,3,0,-0.0351
Lake,2020-08-10,1.712,-3.10785,1.01340,0.02610,3,0,-0.0374
Lake,2020-08-17,1.712,-2.97432,1.02300,0.00960,3,0,-0.0265
Lake,2020-08-24,1.712,-2.93759,1.00150,-0.02150,3,0,-0.0112
Lake,2020-08-31,1.712,-2.99391,0.98250,-0.01900,3,0,-0.0048
Lake,2020-09-07,1.712,-3.00748,0.96670,-0.01580,3,0,-0.0127
Lake,2020-09-14,1.712,-3.00748,0.95480,-0.01190,3,0,-0.0075
Lake,2020-09-21,1.712,-2.69288,0.95820,0.00340,3,0,0.0268
Lake,2020-09-28,1.712,-2.60817,0.95260,-0.00560,3,0,0.0641
Lake,2020-10-05,1.712,-2.82005,0.94180,-0.01080,3,0,0.0912
Lake,2020-10-12,1.712,-2.92601,0.94710,0.00530,3,0,0.1173
Lake,2020-10-19,1.712,-2.89834,0.96950,0.02240,3,0,0.1338
Lake,2020-10-26,1.712,-3.00064,1.01140,0.04190,3,0,0.1090
Lake,2020-11-02,1.712,-3.05095,1.06560,0.05420,3,0,0.0473
Lake,2020-11-09,1.712,-3.03597,1.12960,0.06400,3,0,-0.0277
Lake,2020-11-16,1.712,-3.10785,1.19810,0.06850,3,0,-0.0813
Lake,2020-11-23,1.712,-2.90373,1.24270,0.04460,3,0,-0.0998
Lake,2020-11-30,1.712,-2.63073,1.24100,-0.00170,4,1,-0.1007
Mariposa,2020-07-28,1.100,-3.01649,1.03140,-0.06880,3,0,-0.0947
Mariposa,2020-11-24,1.100,-2.74179,1.36900,-0.01010,2,1,-0.1363
Mariposa,2020-12-01,1.100,-2.53937,1.30300,-0.06600,3,1,-0.0652
Trinity,2020-11-08,0.633,-2.88473,1.26340,0.02950,1,0,-0.1216
Trinity,2020-11-15,0.633,-2.54698,1.25080,-0.01260,2,1,-0.1350
Trinity,2020-11-22,0.633,-2.28267,1.22360,-0.02720,4,2,-0.1259
Trinity,2020-11-29,0.633,-2.16094,1.16940,-0.05420,4,0,-0.0974
Lassen,2020-06-27,0.886,-2.28571,1.39570,-0.02540,0,0,-0.2403
Lassen,2020-07-04,0.886,-2.13054,1.32110,-0.07460,0,0,-0.2063
Lassen,2020-07-11,0.886,-2.48506,1.20960,-0.11150,0,0,-0.1620
Lassen,2020-07-18,0.886,-2.10170,1.07710,-0.13250,3,3,-0.1193
Lassen,2020-07-25,0.886,-2.05074,0.97200,-0.10510,3,0,-0.0693
Lassen,2020-08-01,0.886,-2.46851,0.87780,-0.09420,3,0,-0.0127
Lassen,2020-08-08,0.886,-2.57882,0.81340,-0.06440,3,0,0.0282
Lassen,2020-08-15,0.886,-2.47671,0.76180,-0.05160,3,0,0.0657
Lassen,2020-08-29,0.886,-3.41872,0.75330,0.01140,3,0,0.1233
Lassen,2020-10-31,0.886,-3.19687,1.35900,0.09060,2,0,-0.0992
Lassen,2020-11-07,0.886,-3.00654,1.41660,0.05760,2,0,-0.1718
Lassen,2020-11-14,0.886,-1.94401,1.44290,0.02630,2,0,-0.1775
Lassen,2020-11-21,0.886,-1.66348,1.40890,-0.03400,2,0,-0.1530
Lassen,2020-11-28,0.886,-1.69308,1.33430,-0.07460,4,2,-0.1384
Modoc,2020-09-09,0.398,-2.77897,1.01160,-0.02730,1,0,0.0456
Modoc,2020-11-04,0.398,-2.63284,1.27220,0.05950,1,0,-0.1125
Modoc,2020-11-11,0.398,-2.47794,1.29270,0.02050,2,1,-0.1074
Modoc,2020-11-18,0.398,-2.57485,1.25990,-0.03280,3,1,-0.0944
Modoc,2020-11-25,0.398,-2.47794,1.20490,-0.05500,3,0,-0.0840
